reference,firstname,lastname,home_phone_number,mobile_phone_number,email,address
1,Sig,Dockery,624-156-7344,127-818-9136,sdockery0@forbes.com,14114 Coleman Avenue
2,Danice,Purver,661-648-6711,331-958-0798,dpurver1@soundcloud.com,9162 Derek Point
3,Stormi,Gilston,801-296-6991,951-453-7470,sgilston2@hibu.com,0 Maple Wood Center
4,Jarred,Scudders,651-565-2773,206-539-2644,jscudders3@furl.net,802 Eagan Parkway
5,Theodosia,Gercke,119-746-9477,225-651-2000,tgercke4@homestead.com,50058 Buell Point
6,Rodi,Dwight,323-772-5959,620-717-3353,rdwight5@discuz.net,249 Sutteridge Center
7,Dona,McGrowther,374-329-9800,574-701-7103,dmcgrowther6@exblog.jp,84 Vermont Park
8,Corny,Minchenton,868-734-9747,866-229-9015,cminchenton7@angelfire.com,28 Rieder Parkway
9,Chev,Caught,950-408-5021,222-610-0370,ccaught8@prnewswire.com,683 Farmco Plaza
10,Flossy,Gotling,450-697-0577,405-953-8189,fgotling9@twitpic.com,4 Lukken Road
11,Jerrilee,Heart,693-654-4549,912-677-9074,jhearta@youku.com,0059 Summer Ridge Park
12,Suzette,Arlet,142-305-2632,236-918-1274,sarletb@wordpress.com,55 Spohn Trail
13,Gabi,Jerzyk,230-782-6013,406-325-5386,gjerzykc@elegantthemes.com,5 Erie Court
14,Jordain,Peterffy,880-885-2918,773-416-4113,jpeterffyd@usgs.gov,77284 Nelson Lane
15,Tan,Landor,954-135-7129,754-457-0098,tlandore@uiuc.edu,85 Kim Drive
16,Beatriz,Fullerton,943-514-6885,782-377-6413,bfullertonf@cbc.ca,542 Eagle Crest Avenue
17,Madelin,Orvis,920-320-9443,735-656-9400,morvisg@ning.com,025 Mallory Parkway
18,Theresa,Whebell,892-647-5284,609-485-9187,twhebellh@mozilla.org,7 Loomis Place
19,Gerri,Dunstall,134-122-4594,784-664-0060,gdunstalli@army.mil,91 Aberg Lane
20,Demetris,Tattersall,810-393-1081,298-983-2970,dtattersallj@icq.com,8 Hanson Trail
21,Elora,Saxton,944-880-6097,233-621-8688,esaxtonk@newsvine.com,947 Melody Lane
22,Thorn,Gehringer,722-588-7917,481-928-8190,tgehringerl@facebook.com,29 Bellgrove Hill
23,Dom,Brittain,405-796-9376,996-103-1549,dbrittainm@hhs.gov,5 Merrick Road
24,Osbourne,Pleuman,239-151-6755,659-497-7085,opleumann@prlog.org,779 6th Way
25,Devinne,Jandourek,262-159-8655,945-518-0820,djandoureko@etsy.com,770 Elgar Place
26,Tomasina,Balogun,970-963-5939,808-213-3939,tbalogunp@craigslist.org,8981 East Road
27,Brunhilde,McCard,632-141-4797,666-869-6408,bmccardq@mac.com,83 Holy Cross Place
28,Felita,McGeraghty,339-436-0645,415-756-5491,fmcgeraghtyr@comsenz.com,7 Fremont Lane
29,Kristopher,Strond,815-337-2861,479-231-7916,kstronds@ameblo.jp,9102 Pankratz Drive
30,Bernice,Bardell,790-137-8268,230-446-6624,bbardellt@sciencedirect.com,4 Esker Crossing
31,Christine,Matschuk,246-300-8556,301-283-6946,cmatschuku@yahoo.com,7730 Amoth Point
32,Gaylene,Discombe,684-868-9081,614-971-9816,gdiscombev@marriott.com,51 Shelley Center
33,Sawyer,Kenway,503-303-3186,634-372-7589,skenwayw@twitter.com,18755 Donald Center
34,Mic,McElory,371-850-6634,128-360-8163,mmceloryx@columbia.edu,5755 Harper Road
35,Dannie,Phillott,315-881-2246,593-905-8639,dphillotty@nasa.gov,775 Anzinger Alley
36,Edithe,Balhatchet,121-574-7763,716-389-9933,ebalhatchetz@dropbox.com,41584 Nova Trail
37,Pennie,McCormack,405-885-3179,322-582-9536,pmccormack10@nationalgeographic.com,783 7th Lane
38,Donetta,Wilmut,900-119-6403,787-610-6855,dwilmut11@nbcnews.com,36 Larry Plaza
39,Ilaire,Aphale,991-101-4140,191-744-1802,iaphale12@rambler.ru,2 Heath Street
40,Cart,Eggleston,690-917-1202,765-189-8692,ceggleston13@paginegialle.it,16 Packers Trail
41,Shurlocke,Raulston,506-891-9846,919-438-5610,sraulston14@tumblr.com,68728 Grover Park
42,Timothee,O' Gara,216-868-8731,962-416-5456,togara15@examiner.com,4 Magdeline Road
43,Lenna,Vaissiere,700-103-7928,374-840-9521,lvaissiere16@shutterfly.com,20 Loftsgordon Trail
44,Tommie,Pellant,788-367-6060,388-829-4511,tpellant17@latimes.com,27162 Eastlawn Hill
45,Mommy,Carslaw,994-430-9214,767-194-9611,mcarslaw18@prnewswire.com,5 Dovetail Alley
46,Artie,Bulch,550-387-9496,671-558-5264,abulch19@sitemeter.com,102 Paget Place
47,Orsa,Finlow,259-345-2384,834-807-3485,ofinlow1a@live.com,8071 Loeprich Trail
48,Diandra,Rainon,710-605-4168,803-837-9445,drainon1b@economist.com,337 Farwell Way
49,Hymie,Bahia,969-508-7232,267-455-8645,hbahia1c@ted.com,5357 Eastlawn Trail
50,D'arcy,Aykroyd,547-709-6115,481-583-5648,daykroyd1d@aboutads.info,6 Fairfield Street
51,Devlin,Dobble,120-811-7539,800-742-6826,ddobble1e@icio.us,020 Vahlen Alley
52,Lucilia,Grut,913-953-1558,970-551-5665,lgrut1f@wikia.com,0104 Loomis Avenue
53,Janeta,McAlpin,395-736-9518,447-194-9299,jmcalpin1g@photobucket.com,43 Granby Trail
54,Rhodia,Arrighetti,883-671-5979,184-717-8692,rarrighetti1h@over-blog.com,195 Hollow Ridge Hill
55,Emelia,Ellesworth,105-155-0678,107-219-3135,eellesworth1i@cdc.gov,2 Stang Trail
56,Alikee,Drewet,493-536-0776,303-330-1500,adrewet1j@blogs.com,9213 Schmedeman Trail
57,Thurstan,Morriarty,256-977-9695,139-396-7138,tmorriarty1k@cdc.gov,9507 Monica Circle
58,Sherm,Juszczyk,533-655-0120,462-293-5997,sjuszczyk1l@mapquest.com,31030 Waxwing Plaza
59,Binnie,Cross,469-573-1855,351-803-2805,bcross1m@usatoday.com,60 Green Park
60,Patsy,Rowney,557-944-8118,792-769-0275,prowney1n@globo.com,74 Hermina Street
61,Delcina,Robrose,959-814-5416,811-336-4488,drobrose1o@vk.com,834 Bay Parkway
62,Farica,Langshaw,961-728-1188,136-704-6419,flangshaw1p@php.net,2643 Sunbrook Drive
63,Poul,Jeanneau,795-781-9583,231-461-2230,pjeanneau1q@stanford.edu,623 Dwight Way
64,Dwain,Sale,143-725-5927,723-795-7351,dsale1r@google.ru,34 Oakridge Center
65,Cymbre,Allenby,345-468-3534,777-781-8773,callenby1s@nymag.com,4 Lerdahl Crossing
66,Lucienne,Lowry,514-209-1396,495-529-6132,llowry1t@nytimes.com,11 Brown Park
67,Bondie,Denington,783-531-6908,453-510-1756,bdenington1u@toplist.cz,321 Moulton Lane
68,Wyndham,Annott,350-955-7964,454-387-8818,wannott1v@hostgator.com,22206 Dixon Terrace
69,Jolyn,Godbehere,495-416-0773,468-552-4350,jgodbehere1w@typepad.com,7 Kensington Place
70,Honor,Soda,214-583-0452,279-383-8381,hsoda1x@is.gd,0504 Sage Pass
71,Dmitri,Lancett,788-660-2792,926-714-2749,dlancett1y@i2i.jp,8 Fremont Circle
72,Eadmund,Lumbly,490-277-1297,710-162-8768,elumbly1z@clickbank.net,72 Park Meadow Point
73,Barret,Dulson,255-463-7045,277-177-4386,bdulson20@networkadvertising.org,75666 Fieldstone Lane
74,Shanon,Killshaw,511-635-5614,276-341-1135,skillshaw21@reddit.com,12920 Tennyson Alley
75,Marja,Moles,102-775-4909,855-311-6311,mmoles22@rakuten.co.jp,2499 Burning Wood Point
76,Morty,Friend,375-357-4245,777-256-0244,mfriend23@blinklist.com,7024 Toban Pass
77,Torre,Tantrum,568-581-1407,755-732-7546,ttantrum24@sina.com.cn,81879 Cascade Way
78,Dyan,Castree,594-373-9328,192-324-9300,dcastree25@ihg.com,289 Ridgeway Crossing
79,Dedra,Aluard,960-320-6364,109-171-7814,daluard26@wikia.com,822 Packers Hill
80,Kalie,Crichton,466-630-7366,530-387-9192,kcrichton27@altervista.org,7325 Lyons Road
81,Anitra,Spritt,194-571-6069,993-429-4127,aspritt28@nytimes.com,3 Anniversary Court
82,Tabatha,Wyatt,767-668-6771,546-702-2216,twyatt29@elegantthemes.com,0 Oak Parkway
83,Artur,Kemshell,393-458-9502,189-163-5839,akemshell2a@ask.com,86948 Twin Pines Point
84,Wyatt,Fullman,929-867-6916,322-229-2372,wfullman2b@chronoengine.com,84029 Dwight Center
85,Nadeen,Charlson,626-951-1478,726-768-4041,ncharlson2c@webeden.co.uk,654 Shopko Park
86,Caldwell,Starzaker,578-229-5707,239-145-8778,cstarzaker2d@tiny.cc,4379 Ramsey Junction
87,Cordie,Gotcliff,525-391-4793,753-522-8218,cgotcliff2e@google.com.br,9 Vahlen Crossing
88,Fabian,Conyer,716-339-6389,615-217-4277,fconyer2f@plala.or.jp,3 Lighthouse Bay Trail
89,Cello,Killingbeck,750-817-5131,767-129-7230,ckillingbeck2g@cbsnews.com,508 Fulton Point
90,Ari,Fourman,250-780-5381,405-783-3871,afourman2h@fc2.com,60 Parkside Street
91,Taddeusz,Belchem,134-597-6703,651-693-1167,tbelchem2i@twitter.com,2 Kings Road
92,Harri,Deane,333-852-6306,921-756-4574,hdeane2j@reddit.com,10107 Russell Center
93,Catherin,Yankin,999-569-4995,511-389-7742,cyankin2k@house.gov,2 Waxwing Circle
94,Alisha,Pellitt,773-841-6906,957-709-3292,apellitt2l@amazon.co.jp,571 Superior Road
95,Pearla,Arnet,767-542-3798,105-995-3346,parnet2m@rakuten.co.jp,4629 Warner Drive
96,Hetti,Ratke,767-151-1273,680-309-3353,hratke2n@com.com,4053 Erie Plaza
97,Danny,Proudman,862-508-0512,132-446-4102,dproudman2o@weibo.com,9 Center Pass
98,Raviv,Schapero,777-715-9560,404-571-2990,rschapero2p@qq.com,5 Dahle Crossing
99,Elnora,Forshaw,479-647-9168,741-338-6430,eforshaw2q@thetimes.co.uk,8 Eagan Crossing
100,Natalee,Fronzek,307-985-9429,992-147-1953,nfronzek2r@nymag.com,9846 Basil Center
101,Ronnie,Nani,235-314-8958,927-558-4422,rnani2s@dailymotion.com,36570 Katie Junction
102,Emory,Cayzer,795-540-8799,974-847-8055,ecayzer2t@icio.us,9732 Namekagon Park
103,Kev,Seddon,176-486-1053,425-961-3646,kseddon2u@umn.edu,04357 Kensington Junction
104,Janette,McPhelimy,444-819-3183,365-171-1455,jmcphelimy2v@last.fm,544 Vermont Pass
105,Garfield,Bonhomme,418-369-9221,219-643-5106,gbonhomme2w@webs.com,9276 Northport Court
106,Rosamund,Ham,341-124-4555,899-405-7118,rham2x@seesaa.net,1 Stone Corner Drive
107,Dmitri,Bayle,699-283-2057,550-629-1158,dbayle2y@squarespace.com,750 Center Place
108,Cort,Burnyeat,678-176-0506,590-678-7010,cburnyeat2z@pcworld.com,0647 Jay Way
109,Hollyanne,Cesaric,897-737-9723,689-364-5996,hcesaric30@virginia.edu,7673 Rusk Road
110,Greta,McLemon,220-101-4474,307-758-9997,gmclemon31@alexa.com,185 Corben Avenue
111,Cherise,Trafford,134-812-5951,544-382-4065,ctrafford32@virginia.edu,874 Grasskamp Way
112,Fairleigh,Naptin,192-210-8731,332-211-8054,fnaptin33@hibu.com,15023 5th Way
113,Fredrika,Robertshaw,819-366-8920,607-964-7302,frobertshaw34@addtoany.com,01236 Carey Street
114,Sunny,Leakner,680-998-8588,524-362-9256,sleakner35@devhub.com,8 Leroy Drive
115,Jade,Semens,292-182-2451,936-895-6129,jsemens36@sphinn.com,2423 Manley Avenue
116,Brigid,Kabisch,203-595-8580,156-125-3311,bkabisch37@cdbaby.com,5367 Dryden Way
117,Sven,Aronovitz,930-531-9838,996-123-7046,saronovitz38@hp.com,81706 Bultman Lane
118,Abbott,Pawlowicz,429-885-4958,225-197-3079,apawlowicz39@exblog.jp,19 Kinsman Plaza
119,Pietra,Daspar,880-979-1337,744-688-4833,pdaspar3a@e-recht24.de,6578 Beilfuss Point
120,Milena,Catmull,398-514-4641,655-928-7783,mcatmull3b@forbes.com,429 Mendota Plaza
121,Aleda,Chanter,155-686-9828,375-131-7619,achanter3c@prnewswire.com,4 Surrey Place
122,Mike,Flute,936-798-0860,557-811-6723,mflute3d@nsw.gov.au,796 Maryland Way
123,Rhodie,Abbott,788-562-5624,852-654-2503,rabbott3e@wix.com,65755 Mendota Lane
124,Prince,Jessopp,104-301-7584,536-249-8919,pjessopp3f@is.gd,552 Nobel Court
125,Morten,Bamell,657-814-7304,640-490-9413,mbamell3g@cmu.edu,4 Mesta Circle
126,Zechariah,Noddles,858-923-3780,290-270-9437,znoddles3h@time.com,3 Forest Place
127,Vincent,Killford,552-360-2396,973-356-1552,vkillford3i@furl.net,5451 Thierer Pass
128,Hal,Farman,259-760-2313,265-234-8932,hfarman3j@cbsnews.com,10893 Nevada Road
129,Sasha,Blagdon,627-541-0413,396-685-3234,sblagdon3k@bloglines.com,76923 Forster Circle
130,Carmine,Alster,456-637-2847,804-786-4470,calster3l@mac.com,4 Grayhawk Place
131,Terri,Kase,534-128-3486,608-892-0389,tkase3m@aboutads.info,8 Summerview Junction
132,Phaedra,Tendahl,446-978-1901,190-233-8363,ptendahl3n@cnbc.com,06 Village Court
133,Sallee,Baxstare,401-350-4514,174-591-0491,sbaxstare3o@phoca.cz,14542 Portage Road
134,Eldridge,Syncke,720-508-1851,704-326-9808,esyncke3p@sbwire.com,3032 Brown Center
135,Carmine,Stitcher,352-176-6497,535-278-3430,cstitcher3q@behance.net,6041 Onsgard Place
136,Kyla,Gladdolph,879-553-2836,512-627-1926,kgladdolph3r@blogtalkradio.com,85927 Golf Circle
137,Giuseppe,Saward,664-914-6172,339-262-3936,gsaward3s@washington.edu,1 Swallow Way
138,Staci,Pareman,721-886-3616,800-977-4026,spareman3t@ifeng.com,6556 Waxwing Hill
139,Daffy,Roast,394-940-5609,532-459-3950,droast3u@buzzfeed.com,5 International Road
140,Jude,Tarquinio,912-142-6121,692-108-8885,jtarquinio3v@ca.gov,2 Fulton Trail
141,Erina,Pendlenton,695-759-0486,441-717-7141,ependlenton3w@google.pl,64708 Haas Point
142,Eydie,Haskew,111-190-2123,853-956-5925,ehaskew3x@phoca.cz,3000 Swallow Crossing
143,Matilde,Deneve,190-672-5040,669-697-4003,mdeneve3y@apple.com,5981 Scofield Terrace
144,Franky,Maclean,344-855-4420,319-210-1649,fmaclean3z@bravesites.com,098 Mayfield Court
145,Kiley,Newart,145-123-1492,448-811-4268,knewart40@cnbc.com,7 Kings Hill
146,Leonie,Gaines,647-515-5580,488-174-8676,lgaines41@intel.com,7879 Northwestern Drive
147,Darell,Ast,143-731-1950,362-745-3788,dast42@weebly.com,7 Pond Place
148,Herrick,Tinniswood,595-826-7465,382-715-7101,htinniswood43@icio.us,65777 Holmberg Place
149,Florie,Sprigg,179-129-3788,794-941-3578,fsprigg44@miibeian.gov.cn,86383 Coleman Street
150,Babbette,Roubeix,880-345-7142,255-933-3250,broubeix45@psu.edu,36 Prentice Plaza
151,Brucie,Aujouanet,332-391-2930,416-670-9813,baujouanet46@uiuc.edu,482 Marcy Junction
152,Dalis,Christoffersen,223-370-4362,777-244-2153,dchristoffersen47@pcworld.com,8 Westport Avenue
153,Chaunce,Finnie,281-168-7267,904-548-9355,cfinnie48@marriott.com,46 Texas Lane
154,Ursulina,Silveston,270-931-9513,436-473-0814,usilveston49@nytimes.com,0 Glacier Hill Lane
155,Crystie,Sissland,942-724-2001,651-502-6478,csissland4a@blogs.com,46 Carey Place
156,Dennison,MacUchadair,189-829-3689,290-409-7943,dmacuchadair4b@deliciousdays.com,29 Schmedeman Terrace
157,Cymbre,Roony,514-741-0505,686-480-7774,croony4c@japanpost.jp,5612 Arrowood Circle
158,Tannie,Kiss,286-212-9317,937-882-3593,tkiss4d@soundcloud.com,15121 Redwing Lane
159,Jake,Smyley,974-974-4907,569-199-2119,jsmyley4e@360.cn,0960 Debs Terrace
160,Bernardine,Dumberell,132-121-2200,335-539-2278,bdumberell4f@tripod.com,685 Menomonie Alley
161,William,Rubinfeld,797-640-7914,506-194-0343,wrubinfeld4g@mlb.com,6337 Mccormick Parkway
162,Parker,Mason,643-334-6531,703-710-3374,pmason4h@bloglines.com,02324 Carey Hill
163,Manon,Kemet,608-836-1439,913-250-8248,mkemet4i@gravatar.com,27585 Maple Wood Point
164,Timmi,Skitterel,261-469-6833,207-823-2964,tskitterel4j@gizmodo.com,433 Rowland Way
165,Britney,Jiruca,108-433-6414,780-742-8755,bjiruca4k@washingtonpost.com,39 Dovetail Avenue
166,Diarmid,Milthorpe,624-845-0255,402-676-5401,dmilthorpe4l@wsj.com,364 Bellgrove Point
167,Grantley,Clapham,689-275-4263,701-657-4184,gclapham4m@arstechnica.com,5626 Dorton Street
168,Alexia,Clemmens,734-993-8096,798-925-7471,aclemmens4n@scientificamerican.com,74 Sloan Crossing
169,Sorcha,Karlolak,596-517-1223,582-821-0032,skarlolak4o@squarespace.com,8252 Westerfield Circle
170,Agnese,Pearson,417-315-8553,626-203-0507,apearson4p@who.int,6 Arapahoe Court
171,Tilda,Hartnup,208-362-8533,972-591-5634,thartnup4q@smh.com.au,23191 Pawling Lane
172,Tonya,Aloshkin,130-969-9347,384-184-3514,taloshkin4r@jalbum.net,6470 Eliot Terrace
173,Rock,Huckabe,492-368-7802,645-925-1276,rhuckabe4s@mediafire.com,207 Haas Pass
174,Alon,Phlippsen,835-407-2389,900-505-4733,aphlippsen4t@vimeo.com,842 Morrow Drive
175,Conny,Saban,403-200-1713,369-304-6577,csaban4u@digg.com,40 Kenwood Parkway
176,Neale,Reyna,599-852-3191,477-274-4274,nreyna4v@boston.com,220 Homewood Crossing
177,Shayna,Gunny,524-694-5480,201-131-5142,sgunny4w@pinterest.com,43237 Rusk Place
178,Merell,Anwell,251-941-7397,674-635-5421,manwell4x@purevolume.com,42 Carpenter Court
179,Laurena,Dengel,333-346-9563,246-189-8156,ldengel4y@cocolog-nifty.com,31418 Washington Street
180,Marietta,Fatharly,877-234-4088,448-351-9349,mfatharly4z@facebook.com,2875 Chive Center
181,Mariana,Lerwill,943-814-7576,921-896-2580,mlerwill50@angelfire.com,31 Goodland Terrace
182,Shandie,Castanares,119-378-7133,943-525-3852,scastanares51@ucla.edu,6624 Debs Park
183,Corilla,Mc Harg,753-663-1799,378-732-2670,cmcharg52@live.com,5646 Memorial Alley
184,Jeana,Blowin,317-808-7182,290-581-4636,jblowin53@google.ru,4 Memorial Pass
185,Bari,Badwick,293-969-4011,226-115-5278,bbadwick54@plala.or.jp,648 Hollow Ridge Way
186,Josephina,Wapol,492-998-3899,193-656-0223,jwapol55@bbc.co.uk,7364 Montana Parkway
187,Gweneth,Meron,412-509-0936,611-627-9021,gmeron56@sbwire.com,2835 Lawn Trail
188,Philly,Hardwidge,892-902-3542,828-426-5733,phardwidge57@tinyurl.com,0571 Portage Place
189,Henri,Hendren,723-230-7308,641-554-4333,hhendren58@twitpic.com,06539 Hovde Pass
190,Johan,Coltart,978-518-3866,278-145-4320,jcoltart59@businesswire.com,318 Sloan Avenue
191,Reggy,Wathell,837-585-8353,888-440-9919,rwathell5a@rediff.com,1255 Loomis Center
192,Tillie,Weld,460-197-6522,726-318-7377,tweld5b@sogou.com,901 Sommers Trail
193,Jemimah,Benedikt,662-801-4452,922-837-2346,jbenedikt5c@cyberchimps.com,0 Banding Plaza
194,Jenni,Weymont,263-423-3723,333-948-4103,jweymont5d@mediafire.com,3 Stone Corner Court
195,Bob,Healing,213-807-2325,910-885-8520,bhealing5e@linkedin.com,24767 Village Green Lane
196,Ebeneser,Cuer,707-920-0955,257-389-6499,ecuer5f@themeforest.net,1 Vera Trail
197,Reinold,Jedrysik,515-368-8809,659-989-3321,rjedrysik5g@smh.com.au,776 Cardinal Hill
198,Fitzgerald,Petrol,169-716-9921,855-149-5929,fpetrol5h@who.int,69 Northport Plaza
199,Herold,Crame,884-353-2790,233-871-5481,hcrame5i@businessinsider.com,9 Sunnyside Plaza
200,Alleen,Dewen,589-723-8588,520-727-3514,adewen5j@github.com,03485 Gerald Point
201,Kathryn,Olphert,561-426-0880,250-701-5351,kolphert5k@pinterest.com,095 Goodland Crossing
202,Merell,Geely,364-907-6286,930-839-1984,mgeely5l@tumblr.com,4 Graceland Avenue
203,Kristy,Breed,758-712-4868,147-835-9999,kbreed5m@1und1.de,232 Cardinal Place
204,Obediah,Kasparski,747-994-8371,775-998-3848,okasparski5n@mozilla.com,732 Esch Point
205,Stuart,McTear,791-382-5397,978-103-0064,smctear5o@fotki.com,148 Namekagon Way
206,Alva,Mannin,480-908-0632,945-163-4606,amannin5p@hugedomains.com,8705 Almo Point
207,Arnuad,Parsonage,630-304-5893,794-264-9216,aparsonage5q@dyndns.org,7444 Messerschmidt Place
208,Saul,Yarnley,153-561-3181,662-740-2330,syarnley5r@telegraph.co.uk,6 Lien Trail
209,Thurstan,Cuming,455-860-7861,512-674-0800,tcuming5s@phpbb.com,9 Hermina Lane
210,Alexandro,Ramelet,299-814-8947,567-825-5777,aramelet5t@shinystat.com,28420 Autumn Leaf Crossing
211,Budd,Botterman,838-911-5946,624-910-3123,bbotterman5u@cnet.com,783 Little Fleur Crossing
212,My,Lathleiff,915-550-5465,240-284-0756,mlathleiff5v@google.ca,17 Twin Pines Point
213,Feodor,Kilgrew,522-301-9077,632-507-5601,fkilgrew5w@123-reg.co.uk,077 Scofield Street
214,Kerrin,Acomb,821-910-1231,234-598-5661,kacomb5x@weebly.com,46448 Mariners Cove Road
215,Clarisse,Porrett,696-664-4329,906-674-6111,cporrett5y@tripod.com,88 Autumn Leaf Center
216,Fernande,Rasch,705-200-6477,851-525-7954,frasch5z@mozilla.com,3443 Buhler Place
217,Lyndsey,Halshaw,767-574-7283,477-617-4293,lhalshaw60@mysql.com,944 Eggendart Street
218,Joane,Ather,882-216-6930,651-199-0204,jather61@businesswire.com,35237 Shopko Pass
219,Micaela,Rollett,669-654-5544,519-955-5802,mrollett62@utexas.edu,1516 Oakridge Way
220,Aime,Kittow,136-321-2018,831-788-4877,akittow63@mlb.com,7 Cody Hill
221,Bev,Banaszkiewicz,334-710-0339,850-155-4212,bbanaszkiewicz64@usda.gov,821 Talisman Crossing
222,Damien,Keays,507-959-4738,458-190-4841,dkeays65@wufoo.com,44 Leroy Crossing
223,Gloriane,McCaughey,600-578-5792,613-662-8885,gmccaughey66@wix.com,05 Dixon Point
224,Essy,Labusch,723-444-3029,405-393-3581,elabusch67@salon.com,0009 Commercial Place
225,Brittany,Kelshaw,430-492-3186,481-706-5444,bkelshaw68@smugmug.com,8356 Basil Point
226,Augustine,Tzar,361-731-0997,113-500-1143,atzar69@weather.com,932 Westridge Court
227,Amil,Reinard,780-945-8457,110-964-3044,areinard6a@surveymonkey.com,612 Northview Hill
228,Nita,Piers,919-242-9622,636-661-2549,npiers6b@simplemachines.org,72 Pawling Road
229,Venus,Cahani,263-371-5054,563-509-9266,vcahani6c@yahoo.com,109 Grover Way
230,Betteann,Chisholme,720-986-0996,124-888-7666,bchisholme6d@mozilla.com,17040 3rd Place
231,Linea,McCrossan,610-245-0204,935-626-9588,lmccrossan6e@infoseek.co.jp,06 Hudson Place
232,Merralee,Harcus,216-474-2358,674-391-4728,mharcus6f@soup.io,01 Dexter Alley
233,Bethena,Gercke,252-936-3643,230-229-7925,bgercke6g@businesswire.com,70 Bellgrove Plaza
234,Marcelo,Walkinshaw,589-701-7310,239-490-0662,mwalkinshaw6h@nymag.com,792 Merchant Terrace
235,Huntington,Fouracres,268-887-7180,371-732-2029,hfouracres6i@gmpg.org,5163 Vermont Center
236,Cherrita,Tulk,956-655-5629,792-660-2626,ctulk6j@hud.gov,33889 Talmadge Park
237,Donn,Baish,979-712-5666,451-574-1961,dbaish6k@loc.gov,240 Nevada Trail
238,Doe,Baston,616-985-9842,648-322-1998,dbaston6l@mtv.com,9 Corben Hill
239,Henrieta,Arnaldi,276-861-8205,823-243-6284,harnaldi6m@sakura.ne.jp,4 Toban Court
240,Rosene,Tuhy,335-952-7343,956-873-1933,rtuhy6n@t-online.de,389 Trailsway Point
241,Patten,Poinsett,114-226-3877,437-593-6112,ppoinsett6o@google.ru,778 Bowman Drive
242,Kevina,Doud,113-554-1815,198-297-4786,kdoud6p@multiply.com,39 Fieldstone Point
243,Pincas,Freear,291-334-7608,212-148-8421,pfreear6q@sbwire.com,9 Gerald Pass
244,Ulrica,Rilings,119-497-9868,158-304-0946,urilings6r@slideshare.net,046 Carberry Place
245,Aguste,Attride,211-718-3150,373-295-0692,aattride6s@google.com,87073 Granby Avenue
246,Ford,Aizikovitch,833-885-8901,988-659-4785,faizikovitch6t@oracle.com,67 Sage Road
247,Brose,Tosdevin,227-113-2414,570-271-6390,btosdevin6u@miitbeian.gov.cn,5931 Homewood Plaza
248,Ema,Streather,758-465-7949,804-300-4960,estreather6v@deviantart.com,43 Green Point
249,Ravid,Finnigan,619-538-6596,353-907-3631,rfinnigan6w@tumblr.com,9351 Union Trail
250,Pammie,Merwood,412-344-9554,463-364-7994,pmerwood6x@ucsd.edu,0842 Macpherson Terrace
251,Davidson,Yurevich,647-979-4736,882-867-3222,dyurevich6y@vistaprint.com,085 Village Plaza
252,Christalle,Buzine,839-279-3834,835-358-2210,cbuzine6z@miitbeian.gov.cn,1 Continental Pass
253,Arabella,Scutts,715-108-1057,573-110-4689,ascutts70@state.tx.us,1239 West Center
254,Barris,Shropshire,665-775-3134,353-794-4917,bshropshire71@discuz.net,288 Holy Cross Crossing
255,Melody,Quarterman,763-271-6327,313-780-9997,mquarterman72@ow.ly,282 Esker Street
256,Yancey,Birth,576-445-6710,677-180-3448,ybirth73@biglobe.ne.jp,51500 Susan Circle
257,Bartlett,Bartolommeo,327-600-0249,584-538-6305,bbartolommeo74@fc2.com,857 Goodland Trail
258,Valery,Lamswood,121-418-1898,113-553-2291,vlamswood75@baidu.com,2136 Ramsey Drive
259,Lynnelle,Langland,304-192-9191,621-333-5004,llangland76@google.co.uk,894 Gulseth Drive
260,Frances,Cardon,495-163-8418,312-728-4948,fcardon77@dion.ne.jp,6 Rowland Center
261,Kerr,Merrgen,434-450-1603,149-291-9205,kmerrgen78@people.com.cn,6225 Elka Trail
262,Flora,Pressnell,166-321-5239,711-570-1580,fpressnell79@desdev.cn,9 South Terrace
263,Charlene,McAllester,314-506-7666,264-145-3759,cmcallester7a@sohu.com,2141 Utah Circle
264,Conny,Blissitt,182-542-7265,542-905-8593,cblissitt7b@craigslist.org,873 Moose Drive
265,Reine,Issakov,383-383-7862,213-787-2293,rissakov7c@oaic.gov.au,7 Myrtle Terrace
266,Roanne,Karpets,590-334-2331,518-781-4412,rkarpets7d@newyorker.com,84026 Bunting Parkway
267,Kip,Bonnesen,272-418-8273,605-885-8500,kbonnesen7e@blog.com,4099 Almo Plaza
268,Demetri,Beckley,311-605-7773,576-609-8205,dbeckley7f@answers.com,365 Miller Terrace
269,Justino,Hirjak,542-771-0543,919-408-0366,jhirjak7g@hatena.ne.jp,592 Monterey Court
270,Portia,Melby,817-418-8948,308-145-1063,pmelby7h@noaa.gov,79 Golden Leaf Parkway
271,Lavinie,Ellaway,661-381-2334,592-400-3225,lellaway7i@ft.com,48297 Milwaukee Lane
272,Kay,Vearnals,179-400-5455,385-709-6781,kvearnals7j@squarespace.com,16 Carioca Drive
273,Kipp,Greatbach,531-683-3252,531-400-3895,kgreatbach7k@privacy.gov.au,7617 Lakewood Gardens Parkway
274,Demeter,York,344-519-4453,211-657-3189,dyork7l@ted.com,07469 Homewood Point
275,Worthy,Berrycloth,330-865-4699,448-112-7662,wberrycloth7m@discuz.net,6650 Lyons Place
276,Ellis,Comrie,859-672-1586,239-583-8354,ecomrie7n@trellian.com,6138 Summerview Road
277,Desirae,Mattschas,760-162-3348,217-252-4180,dmattschas7o@imgur.com,21 Gateway Trail
278,Car,Ajam,380-739-7009,699-902-5694,cajam7p@usda.gov,479 Kennedy Center
279,Jillayne,Ellsworthe,581-309-8193,678-737-4502,jellsworthe7q@wikia.com,46 Derek Place
280,Rosalia,Dignon,437-140-5893,933-163-5950,rdignon7r@thetimes.co.uk,7868 Thierer Crossing
281,Hayden,Sansun,249-157-4972,245-750-4460,hsansun7s@globo.com,03 Fulton Lane
282,Delinda,Maynell,881-310-4913,928-830-4265,dmaynell7t@cbsnews.com,220 5th Hill
283,Kathrine,Beney,313-457-5691,621-889-5561,kbeney7u@privacy.gov.au,55422 Dovetail Avenue
284,Tiffy,Summersby,737-495-1330,295-797-2950,tsummersby7v@hatena.ne.jp,675 Melby Junction
285,Sean,Rigden,705-223-3900,342-174-2618,srigden7w@java.com,8750 Glendale Place
286,Stormi,Matkin,629-630-8868,281-623-2932,smatkin7x@ebay.co.uk,81 Pepper Wood Junction
287,Tremain,Klimek,579-853-3239,744-416-6788,tklimek7y@apache.org,3 Walton Park
288,Casey,Struttman,238-409-7341,861-754-8642,cstruttman7z@thetimes.co.uk,645 Hollow Ridge Circle
289,Selie,Boundey,466-345-4969,835-436-4906,sboundey80@livejournal.com,5 Golf Course Way
290,Felicity,Wickendon,177-134-3577,587-674-1412,fwickendon81@rediff.com,559 Dorton Place
291,Prentice,Farney,883-170-1290,626-711-5674,pfarney82@unicef.org,23 Bowman Place
292,Joel,Rollin,210-575-0565,581-177-5929,jrollin83@dailymail.co.uk,86 Melrose Alley
293,Stephannie,Yitshak,324-879-7574,205-720-6910,syitshak84@unesco.org,9858 Roxbury Pass
294,Gallard,Shiril,200-903-3938,554-653-2171,gshiril85@vistaprint.com,5370 Northland Point
295,Donovan,Gildersleaves,892-908-1915,996-469-6050,dgildersleaves86@thetimes.co.uk,1 Green Road
296,Kris,Shalliker,905-677-7291,948-139-4547,kshalliker87@youtu.be,5 Dawn Crossing
297,Noe,McCritchie,446-740-3019,253-692-6047,nmccritchie88@ask.com,53 Gateway Lane
298,Bengt,Barsam,614-584-7978,294-204-8456,bbarsam89@liveinternet.ru,44726 Leroy Circle
299,Cathyleen,Schwier,621-261-4697,918-552-6127,cschwier8a@yellowbook.com,20 Eastwood Drive
300,Gare,Potten,457-681-0475,237-310-2110,gpotten8b@statcounter.com,00 Menomonie Park
301,Bella,Brinsden,112-675-5224,188-826-7185,bbrinsden8c@skyrock.com,505 Lawn Way
302,James,Quarrell,263-837-4145,582-959-5695,jquarrell8d@slate.com,3950 Mcbride Way
303,Nicko,Bottoms,246-107-9349,668-690-0004,nbottoms8e@blinklist.com,56800 Waxwing Street
304,Devonne,Figure,372-506-0860,960-486-7248,dfigure8f@freewebs.com,5 Hooker Trail
305,Axel,Biernat,309-410-6816,768-262-0610,abiernat8g@aboutads.info,80023 Butterfield Terrace
306,Renate,Pasquale,143-738-5326,245-570-4475,rpasquale8h@seesaa.net,5 West Place
307,Sutton,Eixenberger,499-541-5885,680-605-0936,seixenberger8i@friendfeed.com,2597 Esch Parkway
308,Averil,Sansbury,288-625-2851,676-892-5501,asansbury8j@businessinsider.com,471 Eagle Crest Trail
309,Ulberto,Merrgan,691-666-1080,864-973-2218,umerrgan8k@feedburner.com,9 Pearson Junction
310,Angie,Marciskewski,103-285-0965,645-478-1576,amarciskewski8l@google.cn,943 Oakridge Alley
311,Minnnie,Ebben,272-409-3841,829-743-8166,mebben8m@mashable.com,245 Ryan Pass
312,Torrance,Antognelli,526-514-2228,435-210-6115,tantognelli8n@cpanel.net,5 Farwell Drive
313,Wes,Luetkemeyers,795-951-8801,729-316-8813,wluetkemeyers8o@tripadvisor.com,7435 8th Court
314,Nealon,Schukraft,966-531-9633,428-392-9647,nschukraft8p@w3.org,6 Morrow Lane
315,Cathleen,Mullett,183-558-5781,740-792-8289,cmullett8q@i2i.jp,56 Mandrake Circle
316,Fianna,Smeaton,122-908-5733,174-197-7753,fsmeaton8r@europa.eu,5833 Packers Plaza
317,Shannan,Clue,910-929-0371,290-690-5582,sclue8s@prweb.com,4296 Huxley Place
318,Emelina,Wigg,762-912-7938,403-247-1692,ewigg8t@joomla.org,57 Knutson Drive
319,Stoddard,Paynton,264-683-6497,661-664-5835,spaynton8u@auda.org.au,9027 Logan Lane
320,Aubrie,Horlick,164-945-1972,249-338-6855,ahorlick8v@redcross.org,9 6th Road
321,Paolo,Bryden,337-273-9015,653-499-5728,pbryden8w@eventbrite.com,723 Hintze Circle
322,Lenora,Augur,612-816-9921,738-962-3778,laugur8x@bigcartel.com,726 Talmadge Terrace
323,Tait,Milburn,860-402-2928,516-250-7853,tmilburn8y@engadget.com,6 Fordem Circle
324,Maure,Dight,911-840-3603,324-931-2124,mdight8z@cmu.edu,292 North Drive
325,Lois,Hanscombe,450-565-1371,985-729-4323,lhanscombe90@ycombinator.com,8715 Anzinger Avenue
326,Brucie,Karlsson,887-628-9787,891-416-7975,bkarlsson91@nationalgeographic.com,3 Colorado Trail
327,Egan,Glendza,442-356-3988,951-834-0584,eglendza92@howstuffworks.com,08 Quincy Center
328,Jaine,Wharmby,816-466-6207,921-414-5937,jwharmby93@newyorker.com,026 Clove Avenue
329,Benedict,Cull,229-379-7862,468-334-7729,bcull94@deliciousdays.com,6159 Fairview Drive
330,Winne,McPhater,265-916-7025,948-921-0963,wmcphater95@hp.com,04721 Sage Park
331,Lizzy,Willas,608-201-0283,995-506-9501,lwillas96@meetup.com,36 Claremont Crossing
332,Konstantin,Grinham,766-171-4162,322-996-4313,kgrinham97@gnu.org,1274 Eastwood Place
333,Analise,Towner,630-724-3643,323-829-1829,atowner98@house.gov,38 Westridge Drive
334,Jaymee,Caustic,721-307-6753,330-911-7752,jcaustic99@blogs.com,367 Glacier Hill Point
335,Danie,Szachniewicz,434-394-6726,615-337-2655,dszachniewicz9a@cargocollective.com,24 Hintze Trail
336,Gottfried,Parsisson,406-946-4392,382-853-2878,gparsisson9b@usgs.gov,0787 Daystar Pass
337,Nolana,Asaaf,758-983-6837,438-998-0455,nasaaf9c@sitemeter.com,186 Oak Valley Point
338,Leonore,Jaume,208-588-1538,770-910-2634,ljaume9d@webeden.co.uk,2942 Moland Point
339,Garv,Dinneges,270-679-2223,106-760-9387,gdinneges9e@howstuffworks.com,275 Blackbird Plaza
340,Nadya,Tather,780-702-5952,481-780-4092,ntather9f@jugem.jp,1 Brentwood Crossing
341,Julieta,Skahill,515-536-1495,634-172-3883,jskahill9g@wiley.com,878 Bashford Circle
342,Ruttger,Adney,876-764-8662,800-222-1999,radney9h@t.co,49 Maple Wood Drive
343,Spenser,Vorley,258-307-6203,695-526-0632,svorley9i@desdev.cn,0 Lighthouse Bay Point
344,Aurelia,Krzysztof,199-485-1568,894-736-5583,akrzysztof9j@weebly.com,05 Boyd Circle
345,Roda,Laugheran,856-248-7442,642-510-8784,rlaugheran9k@homestead.com,4 Ramsey Parkway
346,Wallis,Meiklejohn,926-952-6529,246-938-7245,wmeiklejohn9l@mozilla.com,941 Toban Court
347,Meghann,Vearncombe,390-492-2899,771-565-0698,mvearncombe9m@vk.com,5508 Lotheville Drive
348,Denver,Stredwick,253-310-9649,958-243-0822,dstredwick9n@imgur.com,247 Debs Avenue
349,Estevan,Youthed,729-286-4323,344-904-8746,eyouthed9o@cnn.com,15571 Hanson Center
350,Ellary,Crocroft,706-598-3925,687-833-3451,ecrocroft9p@foxnews.com,3403 Golf Trail
351,Gerda,Horning,590-347-0711,749-941-6716,ghorning9q@desdev.cn,58312 Prentice Hill
352,Marrissa,Claypoole,494-808-7102,204-927-0560,mclaypoole9r@hud.gov,12 Cottonwood Place
353,Jacinthe,Feyer,225-583-4768,124-596-0354,jfeyer9s@bbb.org,7161 Dorton Center
354,Seana,Kobera,279-464-4594,665-728-6203,skobera9t@cisco.com,08 Boyd Court
355,Sayre,Hellwing,661-267-9345,181-799-5300,shellwing9u@goodreads.com,66 Cottonwood Trail
356,Edd,Rimell,413-991-5913,784-186-5695,erimell9v@epa.gov,4 Randy Drive
357,Annadiana,Sibylla,512-584-3749,155-670-6898,asibylla9w@nyu.edu,15328 Nobel Plaza
358,Doralia,Furnival,955-984-2114,864-718-3356,dfurnival9x@ocn.ne.jp,15 Lyons Point
359,Nobie,Malafe,642-746-6559,750-815-1136,nmalafe9y@unblog.fr,41 Glendale Place
360,Eunice,Pottle,718-772-7653,344-804-7627,epottle9z@wikispaces.com,75 Upham Street
361,Payton,Gofford,475-640-0361,282-259-3993,pgofforda0@dion.ne.jp,05180 Atwood Pass
362,Somerset,Bezzant,149-555-4349,614-467-6992,sbezzanta1@psu.edu,2 Northridge Alley
363,Dillon,Waumsley,820-430-5196,191-745-9976,dwaumsleya2@diigo.com,502 Bluejay Park
364,Leann,O' Mara,521-672-2769,308-333-2318,lomaraa3@tripadvisor.com,73711 Stuart Crossing
365,Ami,Hobgen,105-280-8334,402-222-4984,ahobgena4@patch.com,7 Washington Park
366,Janifer,Burrus,584-507-6820,438-413-3237,jburrusa5@ehow.com,84366 Granby Street
367,Sylvia,Paradyce,878-907-1559,760-791-1810,sparadycea6@springer.com,3 Starling Circle
368,Seana,Shivell,482-631-8627,592-624-6538,sshivella7@howstuffworks.com,38 Sunbrook Place
369,Abbe,MacCartair,543-934-1318,765-734-1512,amaccartaira8@nbcnews.com,4490 Ilene Drive
370,Ambros,Davey,550-587-7141,531-514-6177,adaveya9@cbsnews.com,65677 Banding Alley
371,Tootsie,Squirrell,696-181-4745,988-418-5311,tsquirrellaa@state.gov,28 Straubel Alley
372,Cassy,Trevaskus,622-656-2722,477-222-6492,ctrevaskusab@imgur.com,9355 Cherokee Trail
373,Sybyl,Knappe,476-187-2353,626-419-4455,sknappeac@edublogs.org,9851 Goodland Park
374,Isa,Boardman,814-699-9242,661-299-6757,iboardmanad@sogou.com,39 Corry Center
375,Dalli,Guilloneau,373-641-0911,882-167-4195,dguilloneauae@booking.com,2303 Colorado Center
376,Shaylyn,Rizzelli,978-573-4709,558-973-4079,srizzelliaf@mail.ru,4 Hoffman Place
377,Anette,Madison,907-446-4186,219-915-0962,amadisonag@ebay.co.uk,4910 Brentwood Street
378,Edyth,Strangman,741-122-5649,960-687-1404,estrangmanah@businesswire.com,27 Chinook Lane
379,Warner,McLugish,911-379-7968,917-643-6367,wmclugishai@ezinearticles.com,4952 Ridge Oak Circle
380,Benny,Oganian,296-918-9853,500-469-9846,boganianaj@qq.com,180 Clyde Gallagher Trail
381,Gill,Fomichyov,264-589-6387,753-288-2873,gfomichyovak@apache.org,3445 Schurz Drive
382,Zelig,Reskelly,232-616-3987,518-353-2895,zreskellyal@webnode.com,1961 Rutledge Lane
383,Ignatius,Petford,397-714-9988,491-203-5378,ipetfordam@vkontakte.ru,67 Ruskin Drive
384,Shadow,Burhill,248-727-1595,738-180-4501,sburhillan@ca.gov,55 Muir Street
385,Vivien,Defont,240-747-6385,774-274-6198,vdefontao@reddit.com,612 Leroy Way
386,Lethia,Coviello,829-451-6889,258-741-9538,lcovielloap@posterous.com,139 Clemons Alley
387,Maddie,Gilpin,447-498-1065,621-206-0157,mgilpinaq@discovery.com,09 Forest Parkway
388,Caty,Claessens,908-973-9775,804-273-6676,cclaessensar@ucsd.edu,1490 Division Street
389,Lona,Childs,443-892-3263,573-893-2187,lchildsas@myspace.com,658 Schurz Parkway
390,Demetra,Levecque,453-801-9105,497-514-4676,dlevecqueat@ow.ly,5185 Mallard Alley
391,Niki,Januszkiewicz,748-864-7799,583-964-6537,njanuszkiewiczau@flickr.com,0 Artisan Hill
392,Christabella,Kee,880-717-2116,597-449-1104,ckeeav@webs.com,106 Vidon Street
393,Sampson,Marquess,625-610-2848,749-676-9689,smarquessaw@webs.com,8 Sutteridge Crossing
394,Nancee,Ilett,904-725-8632,342-508-1535,nilettax@omniture.com,567 Northport Pass
395,Fredra,Flello,678-701-5297,902-669-5152,fflelloay@google.pl,47234 Moland Plaza
396,Sergeant,Wallentin,594-693-9748,958-490-9818,swallentinaz@epa.gov,23 Hermina Lane
397,Aluino,Willerson,175-739-5338,651-762-8812,awillersonb0@prlog.org,4 Spaight Way
398,Gilda,Padmore,871-748-8123,567-633-9185,gpadmoreb1@virginia.edu,63713 Cordelia Park
399,Shepard,Antonomoli,898-695-8758,865-356-9656,santonomolib2@yandex.ru,41600 Old Shore Circle
400,Raffarty,Reynalds,625-407-5165,773-771-9307,rreynaldsb3@usda.gov,3781 Brickson Park Circle
401,Daile,Middis,727-435-0600,263-439-7241,dmiddisb4@chicagotribune.com,275 Kenwood Street
402,Ashly,Chezier,216-377-0003,620-768-0050,achezierb5@pcworld.com,5 Carioca Lane
403,Wade,Ornells,839-923-7081,702-937-9168,wornellsb6@google.ca,26586 Jay Street
404,Tierney,Coudray,948-497-1135,103-275-1184,tcoudrayb7@google.com.hk,72 Stone Corner Park
405,Charmane,Yanukhin,722-771-5785,618-613-7414,cyanukhinb8@wufoo.com,07 Pierstorff Avenue
406,Lisha,Ryhorovich,169-633-6744,492-451-2792,lryhorovichb9@smugmug.com,53194 Arapahoe Center
407,Winthrop,O'Brian,892-583-3923,968-451-5988,wobrianba@wp.com,88 Ramsey Plaza
408,Lorinda,Walford,476-871-8186,624-366-2446,lwalfordbb@163.com,76078 Commercial Center
409,Suzanna,Windrum,506-808-2064,705-648-4427,swindrumbc@drupal.org,30738 Lakeland Parkway
410,Ely,Biddles,962-641-2723,882-397-1068,ebiddlesbd@ebay.com,4 Ruskin Point
411,Ripley,Dobrowski,327-831-2795,565-562-9022,rdobrowskibe@seattletimes.com,824 Monument Plaza
412,Tannie,Jakoub,606-602-4637,620-537-2818,tjakoubbf@stanford.edu,99 Chive Junction
413,Lesli,Tourville,951-922-6859,476-587-8665,ltourvillebg@businessweek.com,3 Rutledge Park
414,Cly,Woolfitt,486-683-7348,337-641-9474,cwoolfittbh@nyu.edu,0453 Prentice Way
415,Cora,Scoon,431-433-2907,468-583-8037,cscoonbi@toplist.cz,04087 Delaware Place
416,Alexandr,Tetther,573-270-1075,793-518-2567,atettherbj@wordpress.com,7439 American Lane
417,Garold,Schaffel,197-525-7680,943-701-6099,gschaffelbk@angelfire.com,16 Elka Place
418,Minne,Gothliff,107-146-4278,169-480-5298,mgothliffbl@t-online.de,4 Hoepker Pass
419,Andrea,Goodliff,833-249-7871,696-609-0343,agoodliffbm@unblog.fr,130 Melrose Drive
420,Ranna,Camp,713-962-5166,506-955-5787,rcampbn@arstechnica.com,403 Sunbrook Alley
421,Ryun,Talby,772-720-4433,977-576-6143,rtalbybo@kickstarter.com,222 Melody Center
422,Barnett,Cozby,134-934-6005,470-354-3704,bcozbybp@japanpost.jp,49 7th Court
423,Leoine,Edess,316-672-3573,255-806-2774,ledessbq@illinois.edu,1787 Mifflin Plaza
424,Peta,Arons,862-725-0363,899-503-9244,paronsbr@netlog.com,16393 Spohn Road
425,Valery,Hitchens,932-191-4430,849-997-4622,vhitchensbs@uiuc.edu,30441 Randy Lane
426,Wynnie,Tison,319-840-3334,462-559-0649,wtisonbt@amazonaws.com,343 Heath Crossing
427,Anabal,Lisimore,358-255-4093,809-955-3201,alisimorebu@usa.gov,799 Melody Parkway
428,Dulcie,Fishwick,937-978-2186,807-554-0773,dfishwickbv@epa.gov,181 Armistice Drive
429,Loren,Frensche,102-761-4561,278-694-2908,lfrenschebw@arstechnica.com,773 1st Hill
430,Loree,Titchener,521-485-2641,857-799-8218,ltitchenerbx@networkadvertising.org,03715 Lillian Terrace
431,Ludwig,Caskey,929-807-4858,814-392-7515,lcaskeyby@chronoengine.com,99 Calypso Way
432,Aryn,Kalinovich,274-371-8899,186-847-7938,akalinovichbz@ameblo.jp,3 Esch Plaza
433,Leonora,Fedorski,956-859-5605,433-345-9490,lfedorskic0@google.co.uk,34282 Gateway Place
434,Read,Eberdt,931-400-5009,351-153-2713,reberdtc1@spiegel.de,867 Nobel Trail
435,Cybill,Apps,533-397-3347,100-399-6113,cappsc2@jimdo.com,7 Artisan Place
436,Whit,Coling,300-553-4639,743-580-2240,wcolingc3@msu.edu,1851 Farmco Way
437,Shaw,Falvey,870-537-4711,625-520-2184,sfalveyc4@addtoany.com,83 Elgar Parkway
438,Kevina,Koppe,917-201-8792,148-364-2062,kkoppec5@chronoengine.com,66 Oak Court
439,Ernesto,Spragg,946-530-4661,359-673-5669,espraggc6@histats.com,813 Heffernan Circle
440,Yolanda,Mariel,289-644-2135,135-614-5786,ymarielc7@symantec.com,23876 Little Fleur Street
441,Reese,Muzzlewhite,722-846-3747,302-292-1234,rmuzzlewhitec8@1und1.de,96 Spohn Road
442,Sandi,Chezelle,381-498-2613,250-745-6937,schezellec9@ustream.tv,41894 Linden Road
443,Harrie,Pridding,904-687-9933,540-881-1476,hpriddingca@aol.com,48422 Johnson Park
444,Blondy,Klimek,531-286-4695,501-115-7141,bklimekcb@is.gd,6159 Dapin Trail
445,Roselia,Magnay,251-452-3121,883-499-3833,rmagnaycc@shinystat.com,7 Pepper Wood Way
446,Dav,Balcon,938-248-8183,363-449-0386,dbalconcd@bloglovin.com,641 Raven Terrace
447,Quint,Louden,405-425-5498,650-906-9000,qloudence@tinyurl.com,1 Mesta Circle
448,Robbin,Prettejohns,367-689-3150,836-461-6476,rprettejohnscf@bravesites.com,25 Shasta Road
449,Siouxie,Bucknall,753-940-0044,451-929-4691,sbucknallcg@webeden.co.uk,650 Butternut Drive
450,Lotty,Agge,773-466-0223,575-225-1730,laggech@spotify.com,5 Lotheville Street
451,Cyril,McGinnell,297-486-8776,717-353-8368,cmcginnellci@creativecommons.org,4 Derek Road
452,Denice,De la Zenne,186-769-0422,168-891-5047,ddelazennecj@ask.com,95833 Shasta Pass
453,Man,Loxston,590-655-9485,547-145-1284,mloxstonck@google.cn,67319 Rowland Way
454,Carissa,Coopman,496-929-0262,844-884-3063,ccoopmancl@hud.gov,75912 Merrick Park
455,Homerus,Coultas,350-962-1341,432-930-3771,hcoultascm@live.com,8439 Gale Hill
456,Taryn,Gianettini,274-709-5254,115-339-5451,tgianettinicn@canalblog.com,7606 Claremont Lane
457,Fernande,Van der Linde,671-671-0636,196-885-9797,fvanderlindeco@businesswire.com,98 Texas Drive
458,Talbert,Menlow,172-965-8991,689-104-6547,tmenlowcp@istockphoto.com,45 Columbus Trail
459,Lars,Du Fray,701-974-2292,431-306-4931,ldufraycq@gizmodo.com,63132 Merrick Place
460,Vincents,Scardefield,873-547-5243,723-724-4350,vscardefieldcr@businesswire.com,0 Little Fleur Parkway
461,Brandais,Harrad,565-590-4010,400-723-7525,bharradcs@timesonline.co.uk,473 6th Park
462,Arleyne,Haythorn,982-160-7792,408-413-9766,ahaythornct@imdb.com,0 Portage Place
463,Julieta,Kendal,246-992-5524,924-220-7991,jkendalcu@liveinternet.ru,34429 Dwight Court
464,Maryl,Muglestone,240-685-8615,196-649-3123,mmuglestonecv@cargocollective.com,4 Rowland Point
465,Bartel,Shynn,184-405-5673,315-113-5602,bshynncw@wordpress.com,324 Shasta Junction
466,Byron,Heditch,539-553-4488,430-978-5305,bheditchcx@1688.com,5 Maple Wood Pass
467,Nessie,Fisby,167-865-6095,169-176-9476,nfisbycy@linkedin.com,95 Hollow Ridge Court
468,Chad,Bikker,407-454-7563,612-742-9985,cbikkercz@networkadvertising.org,612 Manufacturers Drive
469,Penelopa,Crowcombe,655-432-7064,564-850-2900,pcrowcombed0@miibeian.gov.cn,759 Porter Plaza
470,Inglis,Mewhirter,487-935-6195,353-901-5997,imewhirterd1@sciencedaily.com,5805 Goodland Junction
471,Damon,Craiker,521-330-0151,965-234-1341,dcraikerd2@apache.org,94374 Reinke Place
472,Donica,Fullick,992-205-9278,644-251-1914,dfullickd3@tmall.com,54 Monterey Terrace
473,Thorny,Antonopoulos,969-267-2555,273-371-7429,tantonopoulosd4@biblegateway.com,0 Sunnyside Park
474,Malinda,Balfe,818-917-3652,738-670-3941,mbalfed5@drupal.org,3 Hanson Drive
475,Sibilla,Kentwell,805-213-3756,535-979-5220,skentwelld6@ucsd.edu,1 Del Sol Pass
476,Jeromy,Grimoldby,302-194-6139,997-571-4457,jgrimoldbyd7@typepad.com,441 Mcbride Plaza
477,Gordy,McFade,761-445-5342,852-988-2219,gmcfaded8@imdb.com,72895 Dexter Hill
478,Garrik,Trask,416-418-0603,106-398-2092,gtraskd9@vinaora.com,2144 Talisman Street
479,Meyer,Cansdall,708-539-9782,521-179-7909,mcansdallda@hostgator.com,3 Spaight Way
480,Ulrich,Dearth,605-235-0076,642-895-4513,udearthdb@webnode.com,73273 Northland Plaza
481,Carolus,Brearty,783-363-6749,208-595-6491,cbreartydc@furl.net,7 Lyons Trail
482,Agatha,McLoughlin,638-511-7987,717-809-3748,amcloughlindd@soundcloud.com,12626 Milwaukee Parkway
483,Adam,Rentoll,315-207-7961,870-125-0159,arentollde@tinyurl.com,39 Columbus Junction
484,Amabelle,Boas,410-643-8812,409-362-0261,aboasdf@cpanel.net,7780 Claremont Circle
485,Felix,St. Leger,468-582-5482,121-429-1281,fstlegerdg@over-blog.com,876 Division Point
486,Lena,Giffin,151-678-2115,983-541-0172,lgiffindh@reference.com,4 Arapahoe Trail
487,Andy,Scopyn,391-266-8945,298-465-5290,ascopyndi@cargocollective.com,2 Toban Hill
488,Dot,MacGauhy,567-161-1194,848-120-2330,dmacgauhydj@aol.com,9 Clyde Gallagher Avenue
489,Calvin,Povah,154-434-5855,669-103-6286,cpovahdk@usda.gov,982 Stoughton Avenue
490,Hobey,Eim,387-357-4389,828-953-3112,heimdl@drupal.org,713 Nevada Point
491,Trixi,Treen,266-413-8541,279-971-3861,ttreendm@scribd.com,539 Maywood Junction
492,Raymond,Sabatier,571-406-2807,576-457-0484,rsabatierdn@mit.edu,7 Tony Avenue
493,Weidar,Marlowe,862-470-2291,248-616-3795,wmarlowedo@sphinn.com,73774 Columbus Center
494,Alexandr,Ambler,470-992-8096,495-555-6398,aamblerdp@nyu.edu,4 Northview Junction
495,Thoma,Giraths,759-346-5828,241-222-6879,tgirathsdq@amazon.co.jp,36 Kipling Circle
496,Evelyn,Ferrara,720-991-5519,496-770-7588,eferraradr@soundcloud.com,829 Almo Crossing
497,Susi,Febry,218-767-9497,647-262-9280,sfebryds@wufoo.com,66 Little Fleur Avenue
498,Rachele,Peacock,898-369-2034,757-870-5145,rpeacockdt@constantcontact.com,9 Norway Maple Terrace
499,Homere,Geldard,557-115-0462,511-963-6717,hgeldarddu@mit.edu,8 Glendale Hill
500,Marlyn,Wallicker,719-267-3072,486-592-1486,mwallickerdv@altervista.org,4 Cardinal Circle
501,Boigie,Creer,518-101-2285,736-997-1811,bcreerdw@sogou.com,6 5th Trail
502,Donni,Lelande,277-959-3045,313-879-8422,dlelandedx@skyrock.com,96 Ohio Road
503,Judah,Goranov,401-941-7387,533-362-0772,jgoranovdy@unblog.fr,5 Marcy Parkway
504,Dori,Woolrich,410-362-5640,508-461-6157,dwoolrichdz@kickstarter.com,4895 Glendale Trail
505,Maxwell,Treppas,842-470-6999,624-385-4300,mtreppase0@google.com.au,8129 Sundown Terrace
506,Ebony,Endacott,457-587-0846,284-241-7799,eendacotte1@cargocollective.com,51 Kensington Crossing
507,Sharlene,Stronge,437-634-9958,450-340-3939,sstrongee2@netlog.com,689 Forster Lane
508,Randall,Golightly,556-502-6511,615-477-6995,rgolightlye3@loc.gov,75 Dakota Alley
509,Aldridge,Smullen,971-905-0254,735-863-6808,asmullene4@booking.com,2622 Cardinal Point
510,Chicky,Ellett,363-380-2215,211-593-3895,cellette5@mediafire.com,1195 Florence Plaza
511,Gipsy,Petrazzi,221-159-2587,536-258-5708,gpetrazzie6@blog.com,125 Browning Junction
512,Broddie,Smart,263-781-1810,911-456-5389,bsmarte7@addthis.com,1596 Melvin Drive
513,Umberto,Yitzhakof,245-980-8301,601-710-9045,uyitzhakofe8@ed.gov,9106 Packers Crossing
514,Marget,Whyatt,714-340-2670,219-262-5928,mwhyatte9@phoca.cz,3 Amoth Drive
515,Ramsay,Speakman,171-976-9842,757-819-3342,rspeakmanea@usda.gov,1926 Graedel Center
516,Shaw,Christofides,645-874-5372,816-390-3436,schristofideseb@alibaba.com,942 Stang Way
517,Jaymee,Benediktsson,502-108-8347,701-704-0359,jbenediktssonec@surveymonkey.com,5001 Vera Parkway
518,Filia,Verissimo,715-382-4858,212-757-1612,fverissimoed@dedecms.com,6354 Harbort Road
519,Merralee,Eam,559-724-4097,516-767-3725,meamee@flickr.com,67597 Larry Alley
520,Flint,Silverlock,402-295-7811,177-751-4082,fsilverlockef@joomla.org,5651 Sherman Road
521,Gilberte,Lamperd,153-849-9815,209-276-5915,glamperdeg@europa.eu,79 Scoville Point
522,Brendis,Yegorshin,782-815-0366,350-877-4899,byegorshineh@skype.com,51 Oakridge Plaza
523,Guthrey,O'Deoran,541-500-5846,243-331-9676,godeoranei@berkeley.edu,9776 Randy Street
524,Yetty,Grunbaum,365-723-6848,592-740-1855,ygrunbaumej@buzzfeed.com,86 Clove Trail
525,Agnola,Brandrick,994-294-4634,882-356-0411,abrandrickek@cdc.gov,4219 Merchant Avenue
526,Katharina,Stanman,623-793-3766,244-636-9418,kstanmanel@csmonitor.com,9299 Lake View Place
527,Olwen,Blackmuir,951-554-7881,396-149-3319,oblackmuirem@hc360.com,6 Prairie Rose Way
528,Willow,Milward,785-667-4771,847-508-4301,wmilwarden@t.co,84347 Delaware Place
529,Nanette,Eyers,876-606-0036,321-588-3162,neyerseo@woothemes.com,380 Mandrake Drive
530,Therese,Pecey,184-999-7825,237-449-3913,tpeceyep@merriam-webster.com,64 Linden Lane
531,Nikita,O'Hearn,504-726-4254,152-936-1039,nohearneq@usda.gov,5 Harper Place
532,Ebba,Phinnis,630-536-4965,341-800-5064,ephinniser@cyberchimps.com,820 Old Shore Place
533,Coletta,Footer,883-837-3298,705-907-4880,cfooteres@ibm.com,78725 Elgar Avenue
534,Hatti,Hidderley,675-499-8401,595-386-4487,hhidderleyet@marketwatch.com,22 Katie Center
535,Jase,Pashbee,867-457-1154,937-493-6985,jpashbeeeu@psu.edu,12007 Elgar Road
536,Tabby,Reames,740-303-6880,131-289-2460,treamesev@infoseek.co.jp,2 Main Plaza
537,Julie,Vaines,314-359-2495,730-605-7918,jvainesew@sun.com,8 Myrtle Hill
538,Bartolemo,Corwood,408-963-9988,212-679-1445,bcorwoodex@businessweek.com,59 Annamark Circle
539,Blondell,Fensome,619-163-1336,162-860-2409,bfensomeey@i2i.jp,54 Crowley Pass
540,Paddie,Robun,907-799-6659,574-599-5395,probunez@berkeley.edu,290 Golden Leaf Parkway
541,Shaina,Eldredge,229-312-3500,728-598-2679,seldredgef0@biglobe.ne.jp,40409 Raven Place
542,Abbey,Roselli,626-808-7067,713-826-9023,arosellif1@dedecms.com,2 Sachtjen Way
543,Stephine,Goskar,806-739-7211,105-113-0945,sgoskarf2@tripod.com,6003 Chive Trail
544,Bernarr,Zecchinelli,251-717-6266,422-466-3985,bzecchinellif3@npr.org,6932 Anthes Point
545,Sibyl,Wyborn,247-627-2463,991-566-6987,swybornf4@globo.com,6301 Boyd Crossing
546,Gregg,Kenworthy,747-204-4576,824-678-7017,gkenworthyf5@blogtalkradio.com,5 Spenser Alley
547,Enrika,Lengthorn,347-859-0639,689-742-3916,elengthornf6@youtube.com,7214 Tomscot Center
548,Liuka,Aronin,717-321-4601,117-634-1960,laroninf7@cocolog-nifty.com,152 Norway Maple Street
549,Isobel,Geater,510-551-6962,966-913-1743,igeaterf8@wp.com,8492 Rockefeller Circle
550,Forrester,Belf,938-229-4376,504-990-4646,fbelff9@studiopress.com,95 Northview Plaza
551,Nelia,Bradmore,641-124-0793,440-796-9210,nbradmorefa@t-online.de,585 Loftsgordon Street
552,Elsinore,Petegree,844-751-8421,856-275-1507,epetegreefb@marketwatch.com,973 Oxford Terrace
553,Hermia,Roantree,593-275-0219,989-733-2561,hroantreefc@sohu.com,4159 Esker Pass
554,Duffy,Brazil,497-759-2164,705-430-5508,dbrazilfd@answers.com,606 American Ash Place
555,Kori,Lude,393-803-4839,104-173-8436,kludefe@pen.io,67 Lukken Road
556,Rodger,Scroxton,163-387-2981,687-547-6349,rscroxtonff@shop-pro.jp,01409 Arapahoe Place
557,Arline,Thring,801-637-1435,240-650-0427,athringfg@sciencedaily.com,2394 Pepper Wood Center
558,Henrieta,Prinne,727-242-0673,331-441-5850,hprinnefh@businessweek.com,829 Caliangt Alley
559,Fleur,Blodgetts,823-418-5416,713-924-6918,fblodgettsfi@dion.ne.jp,29059 Nevada Hill
560,Linell,Claige,222-581-0651,585-379-4696,lclaigefj@linkedin.com,3934 Anniversary Lane
561,Kipp,Philippart,355-121-8814,139-166-9853,kphilippartfk@unesco.org,741 Bay Trail
562,Renelle,Camilleri,939-621-0656,193-269-4884,rcamillerifl@zdnet.com,56 Banding Crossing
563,Lyn,Riteley,156-652-5901,969-983-4708,lriteleyfm@cyberchimps.com,4 Kedzie Junction
564,Liv,Schohier,384-655-8682,945-975-7630,lschohierfn@narod.ru,7020 Southridge Hill
565,Bianca,Carletto,994-553-6939,980-975-9829,bcarlettofo@deviantart.com,429 Grasskamp Road
566,Carolyne,Gores,540-324-4195,814-117-1236,cgoresfp@etsy.com,091 Meadow Ridge Park
567,Lindie,Lockier,131-762-9416,265-486-8791,llockierfq@blinklist.com,589 Hazelcrest Place
568,Kattie,Seally,911-915-1644,917-710-7900,kseallyfr@economist.com,1 Transport Plaza
569,Gretal,Jirka,609-375-6326,374-572-4186,gjirkafs@indiegogo.com,0 Meadow Ridge Alley
570,Corty,Lightbody,803-453-7240,194-220-6785,clightbodyft@yellowbook.com,9 Fordem Street
571,Ysabel,Worsnop,208-881-9042,392-918-8276,yworsnopfu@51.la,71 Moulton Drive
572,Ronnie,Sparrowhawk,862-378-2446,239-650-3219,rsparrowhawkfv@macromedia.com,3 Montana Junction
573,Sanderson,Benedict,298-202-7379,440-257-0465,sbenedictfw@yolasite.com,7 Gina Avenue
574,Josephina,Lynd,865-273-3292,392-738-2541,jlyndfx@harvard.edu,72 Hudson Court
575,Zorine,Wallsworth,842-723-6195,438-729-6238,zwallsworthfy@yale.edu,8379 Elka Drive
576,Annabelle,Raulston,666-122-6601,137-447-3549,araulstonfz@unicef.org,1 Northfield Place
577,Amabel,Chadwick,717-716-6439,159-731-8612,achadwickg0@yale.edu,05 Corben Center
578,Gates,Nettle,286-369-4520,652-134-7051,gnettleg1@fc2.com,8755 Ronald Regan Park
579,Dionysus,Poppy,464-734-5810,859-267-4858,dpoppyg2@mashable.com,48 Amoth Terrace
580,Ashlen,Muneely,373-278-9869,997-517-5823,amuneelyg3@utexas.edu,3 Park Meadow Place
581,Lorrin,Addicott,769-210-3813,559-305-9176,laddicottg4@dot.gov,27689 Leroy Center
582,Adolph,Pitrelli,418-979-2570,696-945-8661,apitrellig5@answers.com,3 Miller Lane
583,Jarib,Silburn,595-682-6661,355-809-0847,jsilburng6@google.com.br,78184 Claremont Point
584,Gertrudis,Slyne,304-427-1813,958-597-8204,gslyneg7@goo.ne.jp,6325 8th Way
585,Louisette,Elsdon,229-936-6557,740-227-1728,lelsdong8@quantcast.com,50 Hermina Court
586,Madalyn,Reolfi,670-818-1399,540-505-8638,mreolfig9@google.cn,75028 Stang Crossing
587,Fidelio,Gethen,908-273-1299,299-623-9644,fgethenga@tinypic.com,7958 Hallows Terrace
588,Margalo,Singyard,364-611-5719,229-692-4384,msingyardgb@vimeo.com,224 Kipling Circle
589,Levey,Sitlinton,471-469-4913,113-843-0947,lsitlintongc@prlog.org,10 Briar Crest Way
590,Rita,Alliston,624-245-9031,874-249-6077,rallistongd@parallels.com,7262 Vernon Court
591,Arlin,Mugg,416-481-2458,112-706-4146,amuggge@cornell.edu,75199 Sloan Way
592,Lisetta,Humburton,571-952-3948,116-663-9433,lhumburtongf@fotki.com,7014 Valley Edge Court
593,Morgan,Hinnerk,851-984-9202,739-880-1531,mhinnerkgg@salon.com,28 Macpherson Lane
594,Nappie,Daskiewicz,330-952-6045,583-737-2138,ndaskiewiczgh@baidu.com,5604 Upham Terrace
595,Dorita,Franzen,241-104-8166,784-374-6504,dfranzengi@mapy.cz,9 Superior Lane
596,Carree,Philip,137-900-2723,167-411-6822,cphilipgj@jugem.jp,4 Division Road
597,Drake,Lester,449-702-2298,986-388-2899,dlestergk@t.co,72168 Blackbird Junction
598,Lurette,Petschel,977-446-3827,745-951-9808,lpetschelgl@google.ru,9330 Dunning Trail
599,Zach,Flanner,766-807-4619,354-730-5456,zflannergm@go.com,14058 Aberg Way
600,Carena,Quare,249-943-5165,323-835-6111,cquaregn@macromedia.com,2 Hermina Terrace
601,Junie,Huson,938-671-7851,466-149-3123,jhusongo@sun.com,272 John Wall Plaza
602,Zita,Glanville,708-448-6946,851-958-6452,zglanvillegp@earthlink.net,8 Pepper Wood Trail
603,Constantia,Cantrill,502-222-9623,356-920-4755,ccantrillgq@gravatar.com,26 Mayer Crossing
604,Aurelia,Tripney,883-219-8554,617-350-1213,atripneygr@reverbnation.com,139 Sheridan Avenue
605,Leoline,Danjoie,310-467-7506,804-846-8435,ldanjoiegs@latimes.com,868 Acker Plaza
606,Winfred,Guilloton,748-625-6024,905-347-1464,wguillotongt@nymag.com,40 Westerfield Lane
607,Kathie,Lippitt,227-441-1519,406-416-2805,klippittgu@timesonline.co.uk,7 Birchwood Court
608,Valina,Klainman,350-832-0095,310-818-1976,vklainmangv@freewebs.com,95101 Corben Pass
609,Hashim,Locket,219-699-6892,172-618-0183,hlocketgw@hud.gov,4372 Iowa Road
610,Cheryl,Whitsey,659-557-0491,111-657-6918,cwhitseygx@npr.org,1372 Parkside Circle
611,Omero,McGebenay,889-669-4684,205-890-0166,omcgebenaygy@sun.com,377 Magdeline Way
612,Karlens,Sparrowe,670-678-0043,996-453-3126,ksparrowegz@ebay.com,29 Division Park
613,Emlynn,Mariault,618-848-4429,793-748-5142,emariaulth0@weebly.com,609 Esch Circle
614,Barb,Brade,480-341-6522,659-565-9200,bbradeh1@photobucket.com,4 Carberry Alley
615,Leonidas,Wapplington,771-368-5735,309-221-2143,lwapplingtonh2@elegantthemes.com,9793 North Court
616,Cherri,Morad,325-436-2757,464-662-9869,cmoradh3@odnoklassniki.ru,8727 Merrick Parkway
617,Charline,Grindley,875-253-7704,188-903-0371,cgrindleyh4@pbs.org,2 Banding Point
618,Berty,Hubane,665-471-6880,724-308-0936,bhubaneh5@slideshare.net,10 Eastwood Lane
619,Francine,Murrey,729-649-4133,125-400-4117,fmurreyh6@yelp.com,84 Schiller Alley
620,Jedd,Hanton,181-173-3928,550-678-8842,jhantonh7@51.la,081 Killdeer Junction
621,Germayne,Darwen,538-526-4548,939-690-7097,gdarwenh8@comsenz.com,5009 Lighthouse Bay Alley
622,Kissie,Spragge,296-556-4215,769-433-8731,kspraggeh9@odnoklassniki.ru,3 Welch Court
623,Taylor,Schukert,878-495-1894,404-672-5813,tschukertha@marketwatch.com,53674 Steensland Parkway
624,Ninnetta,Mapledoram,475-176-0576,655-210-1138,nmapledoramhb@cyberchimps.com,6009 Mesta Way
625,Marian,Marrows,269-723-4031,214-764-4554,mmarrowshc@mediafire.com,16 Dexter Lane
626,Berk,Scullin,246-221-9049,777-419-4034,bscullinhd@goodreads.com,4919 Sugar Circle
627,Ozzie,Dilland,339-877-8207,261-303-3185,odillandhe@devhub.com,7815 Springview Park
628,Janeen,Ortner,503-866-1618,189-157-2340,jortnerhf@marriott.com,186 Golf Place
629,Nola,Childes,500-653-3841,153-865-9798,nchildeshg@scribd.com,280 John Wall Park
630,Avram,Greave,750-936-7295,808-542-7954,agreavehh@forbes.com,11 Monument Circle
631,Tammy,Ferrillo,100-525-7006,832-278-2041,tferrillohi@photobucket.com,840 Shopko Way
632,Hobart,Swyre,591-720-3478,330-884-1807,hswyrehj@toplist.cz,74061 Hoard Center
633,Lynnett,Francecione,695-577-1821,594-268-8405,lfrancecionehk@ted.com,2963 Crescent Oaks Alley
634,Kay,Olifaunt,913-825-1830,672-684-2901,kolifaunthl@mac.com,4 Old Gate Center
635,Bettye,Follacaro,420-479-4229,148-344-4480,bfollacarohm@comcast.net,5 Bartillon Road
636,Aguie,Murrock,936-473-4734,772-765-8058,amurrockhn@techcrunch.com,50 Sunbrook Trail
637,Shirl,Diggens,660-419-8585,267-239-9959,sdiggensho@google.ru,853 Division Crossing
638,Chad,Palister,741-400-3957,618-673-6593,cpalisterhp@google.nl,2 Lake View Way
639,Claudetta,Fulk,387-197-5548,698-788-8350,cfulkhq@craigslist.org,1 Kipling Place
640,Prince,Sloy,538-681-4224,488-632-1827,psloyhr@linkedin.com,95351 Del Mar Avenue
641,Rossie,Tybalt,562-972-9999,774-477-3402,rtybalths@jiathis.com,323 Vermont Terrace
642,Cariotta,McGillacoell,511-115-3328,297-118-2032,cmcgillacoellht@china.com.cn,32533 Grasskamp Park
643,Ned,Christall,995-515-7308,838-671-4762,nchristallhu@amazon.com,18 Delaware Plaza
644,Laryssa,Trever,884-214-9319,579-278-9144,ltreverhv@1und1.de,2 Ohio Center
645,Joseph,Apperley,419-893-9667,738-232-0024,japperleyhw@wordpress.com,92 Annamark Alley
646,Neil,Bangley,704-280-9379,384-754-8955,nbangleyhx@webeden.co.uk,7 Londonderry Hill
647,Danna,Osbaldstone,847-215-6817,616-414-8285,dosbaldstonehy@yahoo.co.jp,570 Golf Trail
648,Herta,Sondon,103-923-3131,233-116-2656,hsondonhz@adobe.com,152 Schlimgen Lane
649,Corinna,Jaram,696-961-7984,232-551-4628,cjarami0@1und1.de,1 Ridgeview Alley
650,Stearne,MacGuffog,481-316-9184,355-725-5501,smacguffogi1@mashable.com,110 East Point
651,Ginny,Reitenbach,585-473-1710,439-739-3071,greitenbachi2@umn.edu,116 Debra Drive
652,Chrissy,Thiese,809-287-4586,881-197-5159,cthiesei3@soundcloud.com,51607 Grayhawk Drive
653,Elizabeth,Pawlowicz,127-950-0475,490-395-2065,epawlowiczi4@pagesperso-orange.fr,8 Sutteridge Trail
654,Izaak,MacGilpatrick,124-212-1482,814-487-2376,imacgilpatricki5@umich.edu,8582 Maple Wood Street
655,Jessa,Aldrich,354-523-0683,968-950-9212,jaldrichi6@intel.com,5 Sauthoff Center
656,Andee,Glassard,467-553-6395,902-868-9618,aglassardi7@usa.gov,9 Esch Point
657,Kenon,Robiot,546-568-5613,726-363-5442,krobioti8@clickbank.net,2252 Bay Plaza
658,Essa,Gowen,193-414-0325,201-218-3182,egoweni9@yahoo.co.jp,2119 Mccormick Road
659,Syman,Witchard,817-546-3318,913-616-8869,switchardia@bigcartel.com,6 Derek Crossing
660,Nataline,Nelissen,724-163-0804,586-939-2532,nnelissenib@dmoz.org,2053 Burning Wood Circle
661,Dew,Gibbieson,135-551-7711,493-990-7805,dgibbiesonic@bandcamp.com,0 Duke Court
662,Katy,Comoletti,180-159-1849,713-457-2455,kcomolettiid@reddit.com,520 Autumn Leaf Center
663,Gussi,Friskey,702-701-0517,561-716-4464,gfriskeyie@istockphoto.com,99 Bluejay Terrace
664,Kaleb,Zammitt,491-886-3383,431-358-5036,kzammittif@google.nl,5 Helena Lane
665,Clemence,Gammidge,815-538-5951,665-878-1113,cgammidgeig@gov.uk,6 Riverside Trail
666,Randy,Detoile,645-396-1154,489-476-7142,rdetoileih@umn.edu,2248 Green Lane
667,Lorianna,Shird,690-630-4284,970-432-8321,lshirdii@utexas.edu,6561 Oak Pass
668,Arnaldo,Kibble,722-356-1051,288-153-7124,akibbleij@rediff.com,389 Orin Pass
669,Stefan,Dulany,529-612-1160,645-793-7673,sdulanyik@uol.com.br,35 Cardinal Street
670,Adiana,Morgon,871-189-9166,360-554-6643,amorgonil@phpbb.com,06 Monument Trail
671,Cherianne,Prys,988-167-4851,284-604-8540,cprysim@whitehouse.gov,1 American Alley
672,Carlye,Wonfar,268-823-5003,422-826-7381,cwonfarin@microsoft.com,4709 Pankratz Circle
673,Marcello,Gilks,124-784-3312,533-326-7563,mgilksio@japanpost.jp,93537 Mcbride Avenue
674,Gordy,Cabane,430-539-5853,441-288-4700,gcabaneip@baidu.com,9851 Hazelcrest Avenue
675,Collie,Heber,268-750-7895,435-449-4646,cheberiq@friendfeed.com,6 Sundown Center
676,Orly,Delgua,406-933-7668,743-860-4020,odelguair@ycombinator.com,0 Dexter Hill
677,Marcos,Mackrell,121-568-1617,326-764-0061,mmackrellis@g.co,7669 Mcguire Terrace
678,Mohammed,Rumgay,320-131-6136,562-716-7214,mrumgayit@usnews.com,547 Stoughton Drive
679,Gregory,Westney,405-453-8376,817-749-0809,gwestneyiu@hatena.ne.jp,4652 Gulseth Way
680,Marna,Clemenceau,389-283-6766,938-524-3218,mclemenceauiv@google.com.br,16 Rockefeller Court
681,Raimund,Christou,175-982-0768,904-950-1670,rchristouiw@altervista.org,16740 Stuart Hill
682,Jimmy,Oxby,443-959-3573,841-173-7287,joxbyix@squarespace.com,62727 Hovde Trail
683,Abeu,Lethieulier,395-749-9018,312-248-5560,alethieulieriy@pcworld.com,2 High Crossing Point
684,Prent,Adame,968-606-2828,283-449-6660,padameiz@slashdot.org,2999 Fairview Alley
685,Concettina,Maccraw,645-169-9193,697-268-4931,cmaccrawj0@seattletimes.com,9966 Eagle Crest Lane
686,Calhoun,Klambt,465-836-2366,649-389-7284,cklambtj1@smugmug.com,0 Darwin Center
687,Betti,Antowski,869-215-6303,114-360-1191,bantowskij2@skyrock.com,38876 Fairfield Avenue
688,Daren,Handman,930-839-2568,547-248-9659,dhandmanj3@google.com.au,16574 Village Green Terrace
689,Bonni,Daniaud,500-482-6928,594-602-8598,bdaniaudj4@vimeo.com,15189 Warner Park
690,Russ,Kenset,217-825-5663,813-532-3344,rkensetj5@dot.gov,645 Sunfield Plaza
691,Lizbeth,Skeleton,212-698-9875,474-657-0188,lskeletonj6@shop-pro.jp,105 North Avenue
692,Karee,McCrostie,170-893-7192,971-600-7067,kmccrostiej7@ucoz.com,41 Burning Wood Circle
693,Leslie,Cocksedge,263-514-0149,561-505-7183,lcocksedgej8@harvard.edu,07067 American Way
694,Brunhilda,Kubala,475-980-3405,665-467-1806,bkubalaj9@nydailynews.com,6 Monterey Lane
695,Alix,Cayette,168-771-9203,858-271-0489,acayetteja@lycos.com,25 Coleman Center
696,Alanna,Gillum,435-676-4451,794-589-9676,agillumjb@umich.edu,41295 Crowley Plaza
697,Nomi,Agdahl,365-334-3210,268-161-5358,nagdahljc@loc.gov,463 Macpherson Avenue
698,Wileen,Doggerell,612-487-4111,617-578-8620,wdoggerelljd@xrea.com,8 Tennyson Lane
699,Anderson,Glyssanne,887-528-0388,461-226-1120,aglyssanneje@flickr.com,06 Manitowish Avenue
700,Agnella,Moxley,362-390-0627,258-540-4642,amoxleyjf@sina.com.cn,78594 Sunfield Drive
701,Mechelle,Suscens,446-747-9296,159-468-2604,msuscensjg@bigcartel.com,0 Buell Place
702,Constantino,Tarzey,442-816-8802,108-266-5013,ctarzeyjh@salon.com,93 Blue Bill Park Center
703,Aaron,Mixter,818-337-5615,675-167-0880,amixterji@fema.gov,4730 Mccormick Lane
704,Chicky,Stayt,245-538-9427,775-966-4300,cstaytjj@tripadvisor.com,23743 Forest Plaza
705,Vin,Cicullo,668-281-0177,895-689-7549,vcicullojk@woothemes.com,4804 Old Shore Circle
706,Alister,Bashford,707-475-8091,530-544-7267,abashfordjl@vimeo.com,0353 Donald Trail
707,Rozalin,Renfield,472-933-5301,474-352-8351,rrenfieldjm@weebly.com,96 Carberry Pass
708,Korella,Conwell,510-811-9047,910-807-9779,kconwelljn@histats.com,2157 New Castle Place
709,Olly,Roja,235-156-7968,969-831-5109,orojajo@google.co.uk,8 Twin Pines Trail
710,Mikey,Rampton,137-915-6598,635-117-0086,mramptonjp@miibeian.gov.cn,64319 Paget Circle
711,Sissy,O'Hone,519-168-6113,165-373-8048,sohonejq@cbc.ca,2 Dottie Place
712,Gamaliel,Gecke,575-667-8165,980-794-3510,ggeckejr@networkadvertising.org,717 Badeau Trail
713,Alexio,Penna,523-570-2450,438-857-2733,apennajs@timesonline.co.uk,0081 Dexter Avenue
714,Lyndsey,Meardon,451-823-2588,846-684-7113,lmeardonjt@upenn.edu,9325 Messerschmidt Street
715,Cariotta,Halpeine,716-274-2973,629-824-2684,chalpeineju@yellowbook.com,084 Dunning Circle
716,Carmina,Pettingall,187-333-9758,247-967-9030,cpettingalljv@state.tx.us,60458 Springs Pass
717,Maribeth,O'Hagirtie,162-972-2092,758-178-0208,mohagirtiejw@dmoz.org,76917 Anderson Hill
718,Hedda,Huby,726-328-4815,847-991-3250,hhubyjx@histats.com,71984 Tomscot Way
719,Borden,German,585-334-1663,148-765-4931,bgermanjy@omniture.com,38863 Eastwood Avenue
720,Bethena,Vasilkov,836-113-6270,380-595-7346,bvasilkovjz@businesswire.com,2115 Utah Plaza
721,Laure,Phalp,392-606-7518,484-239-4011,lphalpk0@nyu.edu,28395 Scofield Parkway
722,Tucker,Heiton,411-285-2956,897-199-3194,theitonk1@alibaba.com,954 Mallard Lane
723,Elsbeth,Proughten,360-964-4465,271-197-3605,eproughtenk2@delicious.com,25 Prairie Rose Avenue
724,Bernadette,Bode,552-886-3349,963-129-4428,bbodek3@geocities.com,152 Little Fleur Pass
725,Keefe,Patise,510-459-3180,376-352-7871,kpatisek4@marriott.com,22892 Transport Avenue
726,Laurella,Haselgrove,188-111-5346,249-373-5922,lhaselgrovek5@census.gov,29066 Forest Run Street
727,Nolly,Begent,318-558-2177,343-726-3836,nbegentk6@google.pl,783 Thierer Court
728,Hobart,Furse,311-766-6033,724-862-4674,hfursek7@networkadvertising.org,58 Russell Hill
729,Guy,Mithun,217-972-9078,571-885-9594,gmithunk8@adobe.com,22240 Parkside Point
730,Ruthe,Keiley,253-298-8535,148-683-6668,rkeileyk9@google.fr,697 Bultman Center
731,Gracie,Lubbock,555-501-4902,810-903-1836,glubbockka@1und1.de,45 Katie Drive
732,Cale,Dalligan,844-187-2851,311-235-4704,cdalligankb@blog.com,10868 Artisan Place
733,Godfry,Streatfield,273-899-6222,659-518-3180,gstreatfieldkc@house.gov,0 Sheridan Crossing
734,Elisa,Hardwich,812-899-3001,242-672-4557,ehardwichkd@blog.com,83092 Utah Point
735,Mickie,Gifford,189-446-6223,912-800-2555,mgiffordke@pinterest.com,0 David Center
736,Angie,Worlock,494-435-0370,458-551-3622,aworlockkf@ibm.com,56344 Fairview Road
737,Shay,Maffy,464-103-7583,970-357-7399,smaffykg@hatena.ne.jp,74 Havey Plaza
738,Jaquenette,Perrottet,857-758-2868,557-909-8766,jperrottetkh@desdev.cn,7454 Lawn Place
739,Man,Brucker,242-396-0070,918-454-7840,mbruckerki@linkedin.com,4527 Anhalt Lane
740,Charmine,Boman,827-195-6709,448-996-0617,cbomankj@bloglovin.com,7 Nancy Circle
741,Kellie,Bembrigg,247-373-5562,281-794-5970,kbembriggkk@bloomberg.com,34620 Hazelcrest Terrace
742,Dasi,Dongate,435-846-1173,740-631-3233,ddongatekl@51.la,85 Valley Edge Park
743,Perice,Iggalden,712-293-0762,323-229-1189,piggaldenkm@shop-pro.jp,93 Golden Leaf Way
744,Shauna,Drage,827-186-3428,514-828-7101,sdragekn@live.com,88 David Way
745,Alexei,Keeltagh,129-687-4158,910-505-3723,akeeltaghko@mashable.com,6981 Lakewood Gardens Park
746,Link,Defond,505-787-7060,690-513-5606,ldefondkp@businessweek.com,5266 Atwood Terrace
747,Eadmund,Worpole,784-749-5733,216-664-9544,eworpolekq@ning.com,884 Division Place
748,Sly,Corah,537-700-2750,639-226-2158,scorahkr@blinklist.com,808 Laurel Alley
749,Wainwright,Dufour,354-184-6304,394-153-9985,wdufourks@infoseek.co.jp,67 Scoville Center
750,Adam,Costin,297-781-4310,933-866-9065,acostinkt@cafepress.com,606 Everett Crossing
751,Debor,Atley,734-676-3790,504-305-2706,datleyku@accuweather.com,6643 Vermont Park
752,Stepha,Butterfield,437-258-5653,546-978-5132,sbutterfieldkv@nature.com,1971 Northview Way
753,Gherardo,Blesdill,966-435-6291,533-629-5288,gblesdillkw@google.com.au,47 Stephen Lane
754,Osgood,Camellini,801-163-6794,201-277-7098,ocamellinikx@upenn.edu,3311 Homewood Lane
755,Shellie,Rockall,377-634-4903,126-234-4633,srockallky@t-online.de,3888 Declaration Park
756,Danyette,Olin,240-252-3110,323-529-5507,dolinkz@hud.gov,21 Southridge Street
757,Ezra,Cohani,201-515-9446,503-568-2953,ecohanil0@amazon.co.jp,404 Arrowood Park
758,Elisha,Fryman,470-209-1263,408-948-8193,efrymanl1@twitpic.com,34 Meadow Vale Lane
759,Hagen,Nathon,670-295-4932,759-735-2002,hnathonl2@who.int,72837 Carey Center
760,Susann,Benian,359-834-6088,957-846-5380,sbenianl3@paypal.com,7 Mockingbird Center
761,Nahum,Ilem,184-249-8355,141-223-3447,nileml4@washington.edu,11 Monica Drive
762,Dermot,Scarce,300-405-1738,749-476-8691,dscarcel5@tinyurl.com,96 Rockefeller Street
763,Lynea,Pither,862-395-1815,954-659-6657,lpitherl6@naver.com,75 Schurz Circle
764,Pinchas,M'Quharg,840-728-6198,725-317-6211,pmquhargl7@youtube.com,6 Swallow Center
765,Isabelita,McLagan,829-137-2691,498-625-7943,imclaganl8@boston.com,35526 Stoughton Pass
766,Harriot,Botler,709-896-2374,992-662-7086,hbotlerl9@telegraph.co.uk,88020 Jenifer Pass
767,Arleta,Tarbet,579-526-2590,374-883-7166,atarbetla@nytimes.com,37477 Aberg Crossing
768,Floris,Brahm,226-319-7909,562-237-4848,fbrahmlb@bbb.org,89 Graceland Park
769,Lance,D'Andrea,519-767-2225,547-564-7007,ldandrealc@state.tx.us,13 Del Mar Terrace
770,Shir,Kendall,249-639-2737,919-644-6558,skendallld@cyberchimps.com,32 Stang Road
771,Hilary,Yakuntzov,538-186-3402,528-358-8642,hyakuntzovle@1und1.de,0652 Loomis Terrace
772,Rickert,Fewlass,301-393-4695,256-225-9146,rfewlasslf@sogou.com,38137 Melby Court
773,Harvey,Spear,285-402-3077,387-737-9380,hspearlg@multiply.com,585 Dovetail Terrace
774,Jeanette,Waren,579-731-6295,907-491-1403,jwarenlh@addtoany.com,4 Fairview Way
775,Haleigh,Olivera,311-766-9149,481-888-4394,holiverali@gmpg.org,0 Sommers Road
776,Shirley,Pilgram,961-698-6637,345-579-1794,spilgramlj@cisco.com,67 Warbler Point
777,Sigrid,Wavish,158-556-7537,527-569-2932,swavishlk@hud.gov,489 Sunnyside Trail
778,Gil,Stubbings,106-487-1710,929-772-7199,gstubbingsll@fotki.com,24601 Main Drive
779,Sly,Jacobs,378-530-9251,292-386-5172,sjacobslm@upenn.edu,832 Ronald Regan Hill
780,Sam,Cancelier,894-442-4142,815-927-3985,scancelierln@furl.net,6881 Mallard Point
781,Anthia,Ivchenko,733-730-5343,633-181-3019,aivchenkolo@networkadvertising.org,9 Sachs Alley
782,Emilee,Steuhlmeyer,697-582-6896,287-757-5590,esteuhlmeyerlp@pbs.org,9 Evergreen Hill
783,Stevana,Aicken,845-942-2371,172-858-2625,saickenlq@free.fr,037 Kingsford Plaza
784,Patrizio,Smorthit,125-372-8375,411-569-9195,psmorthitlr@addtoany.com,2 Raven Circle
785,Jackelyn,Rowling,168-314-8762,534-785-3816,jrowlingls@examiner.com,43 Pennsylvania Point
786,Zarah,Debrett,314-677-7705,905-273-7521,zdebrettlt@jimdo.com,40 Pepper Wood Drive
787,Faber,Bett,654-526-5915,725-924-8481,fbettlu@geocities.com,713 Eagan Parkway
788,Jemmy,Harler,915-535-6669,898-389-6960,jharlerlv@fotki.com,14 Homewood Point
789,Gisella,Hentze,267-747-6217,219-768-8295,ghentzelw@creativecommons.org,815 Pearson Court
790,Geordie,Mouncher,232-614-7948,951-271-7458,gmouncherlx@sbwire.com,4283 Springview Way
791,Trixie,Kenwright,916-907-8300,353-209-4642,tkenwrightly@godaddy.com,4 Village Court
792,Virgina,Dansie,428-691-7281,765-886-3430,vdansielz@liveinternet.ru,73955 Loomis Point
793,Livvy,Masser,892-151-7255,371-515-9512,lmasserm0@nih.gov,815 Derek Crossing
794,Desmond,Gartan,923-120-5561,985-681-2876,dgartanm1@princeton.edu,4 Elgar Pass
795,Demeter,Levay,514-444-2119,935-206-8172,dlevaym2@storify.com,1738 Sheridan Plaza
796,Zach,Philpault,980-248-7597,841-864-1898,zphilpaultm3@ameblo.jp,3 Russell Circle
797,Jory,Aubury,170-127-2219,906-767-7604,jauburym4@msu.edu,94 Amoth Street
798,Raleigh,Reeveley,608-418-0902,139-912-2365,rreeveleym5@jigsy.com,145 4th Alley
799,Wren,Aleshintsev,456-759-0597,335-605-0145,waleshintsevm6@addthis.com,297 School Way
800,Giovanna,Spellward,166-611-5222,463-871-0956,gspellwardm7@japanpost.jp,4194 Ryan Place
801,Sasha,Royans,619-195-4808,497-452-6382,sroyansm8@qq.com,3905 Clove Road
802,Kristoforo,Baterip,830-454-8389,748-271-3542,kbateripm9@gizmodo.com,170 Annamark Parkway
803,Graham,Collete,951-446-2805,210-532-9796,gcolletema@wikimedia.org,1 Dovetail Drive
804,Ginni,Vouls,453-701-8775,860-890-6024,gvoulsmb@shareasale.com,735 Florence Pass
805,Dukey,McDonnell,284-233-5158,280-308-8276,dmcdonnellmc@washingtonpost.com,6149 Loomis Avenue
806,Stearne,Cornock,325-373-6875,874-792-1241,scornockmd@mlb.com,150 Kennedy Lane
807,Lucine,Heinsh,288-485-2522,558-746-2288,lheinshme@yolasite.com,96 Gale Hill
808,Artie,Fedorski,548-626-0330,251-843-2358,afedorskimf@oracle.com,5375 Thackeray Crossing
809,Mirella,Tollerfield,484-564-9170,164-659-5608,mtollerfieldmg@yellowbook.com,39548 Summerview Street
810,Courtnay,White,255-216-9711,696-738-6151,cwhitemh@xing.com,7948 Huxley Street
811,Flinn,Cleghorn,495-316-1265,270-736-2627,fcleghornmi@baidu.com,3 Meadow Valley Parkway
812,Lind,MacAndrew,565-530-2394,917-309-1373,lmacandrewmj@homestead.com,84333 Park Meadow Road
813,Ermanno,Hardeman,787-125-5380,751-372-2042,ehardemanmk@cpanel.net,5 Oak Drive
814,Kelly,Brand,880-510-0939,178-443-1973,kbrandml@theguardian.com,29 Dahle Drive
815,Marshal,Scambler,283-821-0835,300-875-4561,mscamblermm@dot.gov,50 Surrey Alley
816,Gaelan,Toe,301-309-7009,650-867-4234,gtoemn@walmart.com,31360 Becker Lane
817,Cicily,Machent,660-866-4512,837-845-8768,cmachentmo@webnode.com,92722 Mcbride Alley
818,Esme,Rops,334-316-7475,781-714-8981,eropsmp@typepad.com,02 Thierer Street
819,Goran,Hallows,522-391-1879,232-259-1634,ghallowsmq@seesaa.net,5 Rigney Alley
820,Felike,Hyatt,285-211-5032,614-841-5880,fhyattmr@auda.org.au,5 Burning Wood Point
821,Isabella,Goodall,816-725-1872,990-637-0830,igoodallms@kickstarter.com,20045 Shoshone Hill
822,Kirbee,Wilson,919-458-0508,543-205-7711,kwilsonmt@si.edu,3 Talmadge Pass
823,Maggee,Stride,858-126-8951,131-183-2081,mstridemu@webs.com,8905 Huxley Drive
824,Auguste,Flieg,500-875-8878,960-904-3228,afliegmv@taobao.com,8433 Crownhardt Avenue
825,Faun,Fosbraey,671-756-5948,823-752-2906,ffosbraeymw@biglobe.ne.jp,01370 Mcbride Pass
826,Rosette,Dragon,116-934-8075,165-415-4587,rdragonmx@ning.com,416 Moose Plaza
827,Noby,Arton,764-202-3345,514-629-2900,nartonmy@tinyurl.com,13108 Center Court
828,Roselin,Keniwell,969-797-4549,834-560-6674,rkeniwellmz@infoseek.co.jp,53 Upham Alley
829,Tracee,Bartolomeo,130-162-8956,299-215-7284,tbartolomeon0@adobe.com,6609 Loeprich Plaza
830,Gert,Corston,897-500-1616,876-992-0688,gcorstonn1@ebay.com,0 Hooker Road
831,Isac,Dominik,518-675-0757,855-249-2615,idominikn2@state.tx.us,777 Clarendon Street
832,Janet,Blacksland,916-171-5752,926-229-1534,jblackslandn3@imgur.com,926 Old Shore Circle
833,Robbin,Kreuzer,157-132-1962,316-600-6733,rkreuzern4@java.com,27024 Hansons Plaza
834,Delly,Pelman,163-987-6017,778-995-5742,dpelmann5@comsenz.com,0 Old Shore Street
835,Ainsley,Beagan,997-451-4853,415-652-1478,abeagann6@irs.gov,68643 American Trail
836,Orlan,Pavlov,455-406-4903,556-354-2465,opavlovn7@indiatimes.com,77702 Elgar Pass
837,Lucila,Folliott,251-546-9867,743-309-2946,lfolliottn8@phpbb.com,6207 Warbler Crossing
838,Tommie,Cullin,151-810-0377,898-157-1570,tcullinn9@usgs.gov,54559 Scoville Circle
839,Evy,Edgar,936-197-0322,198-760-4098,eedgarna@tumblr.com,4694 Florence Junction
840,Christophe,Feron,742-760-0074,491-163-9886,cferonnb@comsenz.com,2 Buena Vista Place
841,Deloris,O'Gready,178-693-7562,916-276-1100,dogreadync@yellowbook.com,9285 Riverside Alley
842,Gussi,Sainteau,313-571-3171,484-563-3499,gsainteaund@nba.com,5 Tennessee Pass
843,Ingemar,Minor,709-318-4001,518-833-1204,iminorne@ycombinator.com,7 Morning Junction
844,Madelyn,Archbutt,865-961-5149,755-452-9029,marchbuttnf@alexa.com,743 3rd Court
845,Moina,Grishaev,725-638-6934,139-633-2851,mgrishaevng@tripadvisor.com,76 Trailsway Avenue
846,Donall,Lamey,608-947-7998,624-631-6687,dlameynh@jigsy.com,3600 Reinke Place
847,Sorcha,Reynold,659-185-9523,855-235-1197,sreynoldni@xinhuanet.com,419 Bobwhite Terrace
848,Jayson,Streight,974-199-4626,284-867-5551,jstreightnj@reuters.com,18 American Ash Street
849,Sophie,Gensavage,305-621-9985,893-954-9989,sgensavagenk@blogtalkradio.com,5 Chive Lane
850,Chelsea,Cornejo,305-787-9384,194-372-8113,ccornejonl@livejournal.com,48 Melody Hill
851,Danette,Tales,794-869-3035,931-633-0340,dtalesnm@instagram.com,47986 Vernon Court
852,Clio,Bish,785-171-1763,439-282-7125,cbishnn@chron.com,6 Hermina Place
853,Drona,Gaddes,524-425-3955,908-806-1041,dgaddesno@hud.gov,839 Heath Point
854,Corny,Maxweell,973-635-2856,377-112-8001,cmaxweellnp@fda.gov,9 Macpherson Pass
855,Purcell,Stallan,421-306-9770,509-177-9018,pstallannq@g.co,046 Burning Wood Point
856,Valeria,Jepensen,513-999-2533,197-993-6616,vjepensennr@eventbrite.com,5 Cascade Court
857,Glennie,Limpricht,144-674-7460,401-903-4164,glimprichtns@zdnet.com,6137 Tennessee Center
858,Kristal,Rutigliano,863-978-5078,485-795-7209,krutiglianont@princeton.edu,482 Vermont Lane
859,Caldwell,Cutchee,458-472-9339,852-325-1888,ccutcheenu@free.fr,848 Badeau Court
860,Giacinta,Calderbank,626-777-4637,190-839-2967,gcalderbanknv@technorati.com,092 Eastwood Trail
861,Maxy,Glusby,555-364-3931,644-236-5200,mglusbynw@sun.com,49 Monument Way
862,Martainn,Millgate,708-796-3673,508-924-7892,mmillgatenx@google.com.au,07883 Pearson Parkway
863,Evelyn,Letcher,289-839-4366,768-520-4986,eletcherny@hud.gov,8499 Blaine Terrace
864,Melisse,MacAloren,804-731-7144,978-879-0020,mmacalorennz@wp.com,378 Banding Avenue
865,Lindsay,Tomlinson,178-140-4321,225-550-4449,ltomlinsono0@dedecms.com,751 Red Cloud Crossing
866,Allyn,Haldenby,255-990-6711,833-833-0899,ahaldenbyo1@bigcartel.com,80 Forest Dale Way
867,Moina,Costy,219-471-7632,303-345-8945,mcostyo2@ucoz.ru,10 Kinsman Avenue
868,Lukas,Esmead,729-341-5989,383-250-3845,lesmeado3@newyorker.com,5938 Arkansas Point
869,Odele,Finder,584-746-4639,941-469-0129,ofindero4@si.edu,7824 4th Junction
870,Flint,Riches,789-222-5258,626-167-9561,fricheso5@google.nl,952 Declaration Road
871,Kayla,Fullerton,452-542-6166,229-174-4058,kfullertono6@yelp.com,6 Goodland Hill
872,Fayette,Turmall,426-366-7356,578-593-2848,fturmallo7@fema.gov,03171 Carey Hill
873,Dietrich,Picot,511-215-7630,138-181-7729,dpicoto8@sourceforge.net,9 Doe Crossing Street
874,Brynne,Moncreif,632-476-5899,579-871-6374,bmoncreifo9@live.com,40 Derek Hill
875,Claudina,Crozier,559-676-3789,279-460-4002,ccrozieroa@ihg.com,2 Petterle Circle
876,Conant,Giacovelli,744-713-5472,890-373-6166,cgiacovelliob@csmonitor.com,532 Arapahoe Avenue
877,Clair,Devin,392-367-8005,392-732-0681,cdevinoc@economist.com,9 Brickson Park Way
878,Kalindi,MacCaughan,883-103-0308,760-116-3639,kmaccaughanod@biblegateway.com,83 Columbus Lane
879,Angelle,Lamden,107-788-3011,523-794-2265,alamdenoe@symantec.com,7 Holmberg Trail
880,Blane,Graffham,587-240-1203,222-566-2495,bgraffhamof@cnn.com,8857 Sheridan Road
881,Bess,Grayne,904-531-8902,816-848-0042,bgrayneog@tamu.edu,13 Sunnyside Junction
882,Alayne,Igonet,360-608-3904,914-604-4135,aigonetoh@foxnews.com,81512 Mallard Plaza
883,Kent,Kitchenman,717-541-3019,935-292-4061,kkitchenmanoi@miitbeian.gov.cn,10 Bonner Point
884,Maressa,Jeffryes,903-976-1211,687-512-1565,mjeffryesoj@nps.gov,8234 Onsgard Street
885,Waldo,Evangelinos,176-176-1128,187-384-4458,wevangelinosok@hao123.com,83479 Merchant Road
886,Mattheus,Anwyl,293-367-9433,735-360-1728,manwylol@zimbio.com,4 Summerview Plaza
887,Jeniece,Itzkin,532-186-2601,836-917-3783,jitzkinom@arizona.edu,0 Gina Terrace
888,Alvin,Shrimptone,837-869-1554,974-862-3306,ashrimptoneon@webnode.com,3586 Mallard Trail
889,Claudina,Jephcott,865-711-2807,289-130-1072,cjephcottoo@reverbnation.com,0389 Waywood Junction
890,Jilly,Burbudge,260-211-3561,537-763-3918,jburbudgeop@craigslist.org,2596 Bunker Hill Trail
891,Ava,Pepler,444-609-4021,680-272-7642,apepleroq@deliciousdays.com,7 Bunting Circle
892,Isadora,Kinder,998-468-5929,161-586-7226,ikinderor@cafepress.com,463 Fallview Center
893,Tilda,Hogbin,267-652-7695,191-450-3812,thogbinos@themeforest.net,495 Southridge Center
894,Oliviero,Elfitt,257-495-1756,810-931-7187,oelfittot@wikipedia.org,06967 Reinke Junction
895,Zia,Marquez,916-494-6401,145-448-2353,zmarquezou@elegantthemes.com,778 Corscot Pass
896,Torry,Chafney,856-138-7763,297-669-8324,tchafneyov@ibm.com,239 Graedel Hill
897,Janelle,Trowbridge,823-293-5357,351-430-5809,jtrowbridgeow@eventbrite.com,043 Miller Drive
898,Luis,Corteney,104-731-0193,384-155-6842,lcorteneyox@php.net,33148 Cordelia Way
899,Rubin,Leythley,813-629-4570,165-542-8382,rleythleyoy@opera.com,35802 Wayridge Place
900,Karla,O'Sherin,329-347-3633,151-891-0899,kosherinoz@posterous.com,31 Hoffman Plaza
901,Errick,Garlick,910-357-5426,223-902-6066,egarlickp0@huffingtonpost.com,32097 Columbus Drive
902,Dionisio,Tuckie,918-569-3603,266-326-9195,dtuckiep1@apache.org,51102 Crownhardt Lane
903,Lavinia,Roke,704-557-0299,147-664-0716,lrokep2@dmoz.org,96444 Lake View Road
904,Paulie,Kopp,931-718-0189,429-477-7003,pkoppp3@state.tx.us,9 Hansons Drive
905,Maxy,Balcon,523-653-2199,103-373-8406,mbalconp4@google.com,95 Katie Pass
906,Willamina,Binding,193-417-8604,122-473-3190,wbindingp5@baidu.com,6 Merchant Junction
907,Melli,Colliver,464-598-3311,265-446-9108,mcolliverp6@studiopress.com,624 Mcguire Point
908,Ward,Salmons,303-236-5209,974-250-9424,wsalmonsp7@tinypic.com,131 Old Gate Street
909,Ronni,Tackley,633-141-6618,790-674-9945,rtackleyp8@biblegateway.com,58958 Warner Avenue
910,Amelina,Laurens,663-829-7715,580-590-3304,alaurensp9@xrea.com,551 Del Sol Circle
911,Carly,Colomb,588-872-2874,418-925-5294,ccolombpa@devhub.com,67 Cambridge Plaza
912,Laverna,Colly,961-143-9626,328-931-2212,lcollypb@fc2.com,814 Leroy Road
913,Mikaela,McDonogh,859-549-8644,168-819-7467,mmcdonoghpc@slate.com,9 Arrowood Drive
914,Catie,Donegan,596-774-8732,429-114-1721,cdoneganpd@tmall.com,01060 Carey Park
915,Holly-anne,Klimushev,239-142-0772,769-998-8272,hklimushevpe@ucoz.ru,70 Cottonwood Pass
916,Dianne,Willeson,438-184-4915,912-145-8536,dwillesonpf@ihg.com,78 Lake View Street
917,Courtnay,Mangin,658-196-6408,902-832-8177,cmanginpg@fotki.com,34768 Bultman Lane
918,Daffie,Lope,557-138-7505,368-814-8358,dlopeph@drupal.org,23861 Morrow Trail
919,Rosco,Thirkettle,893-896-9891,461-278-5779,rthirkettlepi@mapy.cz,9 Leroy Avenue
920,Zaccaria,Auckland,496-508-1069,998-907-2601,zaucklandpj@myspace.com,49 6th Alley
921,Trent,Mccaull,614-757-7323,429-897-2750,tmccaullpk@nps.gov,68 Buhler Avenue
922,Lusa,Blencowe,457-263-4279,674-346-6087,lblencowepl@senate.gov,1 Boyd Point
923,Robert,Belin,205-394-3081,921-541-4142,rbelinpm@linkedin.com,948 Roxbury Trail
924,Al,Ellerker,261-379-7045,377-333-1744,aellerkerpn@samsung.com,5 Sherman Circle
925,Corbet,Johnke,940-807-6075,492-447-5597,cjohnkepo@sphinn.com,9 Ryan Hill
926,Goldarina,Carles,410-319-4979,800-563-7208,gcarlespp@list-manage.com,2 West Parkway
927,Wald,Gulland,827-297-3093,292-776-7092,wgullandpq@vk.com,7 Lukken Circle
928,Leoine,Sumshon,603-858-9769,488-925-0166,lsumshonpr@google.es,6391 Butternut Trail
929,Lauren,Durnan,235-915-9983,618-528-3729,ldurnanps@shareasale.com,5 Golf View Alley
930,Lilias,Turneaux,221-930-1546,391-248-5067,lturneauxpt@ehow.com,87 Spohn Hill
931,Gretta,Pancoast,695-353-5295,668-979-2742,gpancoastpu@eepurl.com,292 Bay Way
932,Merwyn,Kluger,287-640-6812,356-336-6772,mklugerpv@mapquest.com,435 Badeau Pass
933,Jolynn,Andrew,407-299-4805,357-355-8559,jandrewpw@1und1.de,909 Killdeer Alley
934,Angeline,Povall,312-804-3923,621-139-9648,apovallpx@utexas.edu,76940 Ronald Regan Circle
935,Josey,Letford,440-477-4280,699-916-7729,jletfordpy@mtv.com,6397 Heffernan Center
936,Mitchel,Mutimer,811-414-4843,283-676-2720,mmutimerpz@cmu.edu,2853 Lindbergh Road
937,Mil,Spawton,278-511-2172,652-149-4884,mspawtonq0@tinyurl.com,51639 Roth Drive
938,Orelia,Wickerson,903-175-9400,886-514-9107,owickersonq1@oracle.com,64107 Kipling Plaza
939,Ilario,Claworth,821-705-3102,971-466-6504,iclaworthq2@nih.gov,862 Mcguire Parkway
940,Humphrey,Vearnals,365-220-5260,394-640-3037,hvearnalsq3@360.cn,491 Manitowish Hill
941,Happy,Kobel,442-477-2317,715-375-9531,hkobelq4@wix.com,72897 Center Street
942,Bendix,Le Noire,621-253-9586,903-164-3913,blenoireq5@reference.com,47092 Forest Run Alley
943,Blondelle,Cosh,144-862-3539,122-253-1115,bcoshq6@themeforest.net,0172 Morningstar Point
944,Caryl,Hatchette,188-120-0199,695-381-2229,chatchetteq7@zimbio.com,05286 Melrose Court
945,Farrell,Donoghue,727-530-3518,409-161-1349,fdonoghueq8@cnn.com,089 Pleasure Crossing
946,Jeramie,Eadie,149-247-1254,906-140-8662,jeadieq9@mozilla.org,29 Ryan Point
947,Hershel,Shama,937-810-0174,371-655-2152,hshamaqa@360.cn,7 Manufacturers Place
948,Pyotr,Chessel,450-387-4682,222-103-9079,pchesselqb@pcworld.com,15 Lindbergh Way
949,Kennett,Trussler,471-713-9291,837-644-6405,ktrusslerqc@accuweather.com,4047 Lunder Lane
950,Sarena,Ledrun,483-473-0523,275-347-8158,sledrunqd@netscape.com,877 Rutledge Alley
951,Yolane,Got,942-721-5329,476-401-8142,ygotqe@yahoo.com,2734 Esch Crossing
952,Kameko,Grenfell,993-529-9718,371-725-5796,kgrenfellqf@newyorker.com,73008 Meadow Vale Lane
953,Marjory,Scruton,241-151-4038,315-217-9758,mscrutonqg@mediafire.com,1 Mallory Junction
954,Rochella,Pinnigar,856-768-9076,695-829-0652,rpinnigarqh@surveymonkey.com,56 Ramsey Hill
955,Crichton,Rafter,560-353-2625,474-150-8641,crafterqi@stanford.edu,572 Southridge Point
956,Cecil,Marfe,404-352-2138,799-845-1662,cmarfeqj@baidu.com,25 Waubesa Road
957,Jeffry,Dunk,179-344-6560,692-879-6114,jdunkqk@mysql.com,66 3rd Street
958,Augustina,Gwyther,229-439-0859,886-794-2760,agwytherql@xing.com,71 Iowa Hill
959,Babb,Hardison,492-318-8762,530-282-3952,bhardisonqm@so-net.ne.jp,5567 Brickson Park Center
960,Leif,De Brett,309-251-0270,707-241-7682,ldebrettqn@ihg.com,5800 Eliot Road
961,Griffy,Teml,520-163-0086,283-437-8346,gtemlqo@freewebs.com,3739 Reindahl Pass
962,Reuven,Wabersinke,806-567-8940,850-913-1592,rwabersinkeqp@dell.com,87183 Dixon Center
963,Almeda,Scarasbrick,872-611-5584,432-414-7489,ascarasbrickqq@reference.com,694 Havey Alley
964,Kirbee,Marl,283-265-1031,972-101-5134,kmarlqr@jiathis.com,72 1st Pass
965,Milena,Shearmur,918-262-8655,467-574-4902,mshearmurqs@unicef.org,0495 Shoshone Place
966,Micky,Yendall,686-247-7080,903-199-7582,myendallqt@privacy.gov.au,37 Roth Court
967,Perl,Gusney,783-384-3491,705-475-6452,pgusneyqu@senate.gov,349 Schiller Pass
968,Sharia,Stanyard,424-193-7298,808-737-5401,sstanyardqv@nytimes.com,0832 Esker Avenue
969,Kat,Baxill,912-521-3575,454-724-7158,kbaxillqw@webnode.com,68 Shopko Avenue
970,Hunfredo,Lejeune,912-982-9936,590-253-1976,hlejeuneqx@nhs.uk,71295 Lakewood Alley
971,Ardis,Jirzik,290-446-2596,439-507-9855,ajirzikqy@jalbum.net,60 Old Shore Parkway
972,Emelyne,Winton,295-869-3469,266-328-2682,ewintonqz@hhs.gov,53 South Pass
973,Brendin,Beagrie,999-116-7487,345-767-9089,bbeagrier0@usatoday.com,10449 Birchwood Lane
974,Llywellyn,Squibe,154-769-9053,528-483-6150,lsquiber1@cbslocal.com,4947 Carey Avenue
975,Lucien,Astman,737-672-5695,997-164-8711,lastmanr2@naver.com,3 Starling Avenue
976,Alfredo,Eusden,855-303-4864,663-315-1192,aeusdenr3@google.com.br,601 Pine View Road
977,Felicdad,Latliff,953-197-4097,758-658-2966,flatliffr4@deviantart.com,61 Gina Center
978,Devonna,Rene,675-434-5699,973-644-4223,drener5@ucoz.com,32425 Talisman Drive
979,Phillis,Norgate,757-418-5785,580-212-5884,pnorgater6@google.cn,461 Prairieview Circle
980,Kellen,Joselovitch,257-475-7636,182-812-4028,kjoselovitchr7@i2i.jp,89 Dwight Center
981,Dael,Fretwell,511-827-1685,870-716-8387,dfretwellr8@webeden.co.uk,8 Elgar Street
982,Briano,Starmont,144-155-8181,358-712-0221,bstarmontr9@vk.com,048 Nevada Drive
983,Arlie,Arlott,981-421-0603,337-197-7496,aarlottra@ucla.edu,50502 Wayridge Lane
984,Olympie,Ferreiro,926-977-9508,732-882-7624,oferreirorb@newyorker.com,1 Havey Center
985,Katerine,Vogel,451-435-0060,376-226-1802,kvogelrc@privacy.gov.au,00 Blaine Pass
986,Bobby,Corner,257-740-6542,728-165-6772,bcornerrd@google.com.hk,16 Fulton Terrace
987,Spence,Chasteau,905-735-9713,584-365-8165,schasteaure@merriam-webster.com,1 4th Street
988,Trista,Iannello,924-289-6479,540-598-7266,tiannellorf@prweb.com,184 Jana Point
989,Colene,Madgin,311-435-0754,452-203-0682,cmadginrg@storify.com,835 Ramsey Junction
990,Pru,Sanchiz,424-471-1707,312-449-3704,psanchizrh@yahoo.com,293 Riverside Crossing
991,Towney,Corden,276-124-5711,719-715-5662,tcordenri@toplist.cz,6002 Forest Dale Crossing
992,Roma,Ead,476-273-7550,700-525-5144,readrj@privacy.gov.au,21842 Ridge Oak Lane
993,Regine,Matejovsky,212-960-6888,759-923-7359,rmatejovskyrk@pen.io,253 Gale Drive
994,Micky,McBain,795-731-9903,938-722-9851,mmcbainrl@com.com,57741 Hovde Hill
995,Beilul,Leggs,257-216-9316,205-882-7555,bleggsrm@bluehost.com,212 Sommers Place
996,Cathyleen,Forestall,662-521-7720,516-614-5439,cforestallrn@nymag.com,0086 Columbus Center
997,Reinaldos,Borrie,322-615-7174,711-281-2453,rborriero@ehow.com,57 7th Plaza
998,Inglis,Gally,260-187-5495,572-685-1866,igallyrp@ox.ac.uk,40 Amoth Drive
999,Tymon,Skoof,689-799-4054,479-617-0806,tskoofrq@dmoz.org,229 Roth Trail
1000,Yulma,Hegdonne,262-550-1721,168-425-6380,yhegdonnerr@go.com,8 La Follette Circle
